år,region,inkomst,arbetslösa,befolkning,arbetslöshet,Moderaterna,Centerpartiet,Folkpartiet,Kristdemokraterna,Miljöpartiet,Socialdemokraterna,Vänsterpartiet,Sverigedemokraterna,övriga partier
2002,Upplands Väsby,166.6,649,37444,1.733254994,18.7,2.4,16.4,8.3,4.5,38.8,8.3,1.1,1.5
2002,Vallentuna,161.6,200,25905,0.7720517275,22.3,4.5,19.2,11.2,5.7,29.7,5.5,1.2,0.8
2002,Österåker,168.6,369,35633,1.035556928,24,2.6,19.7,9.8,4.9,31.7,5.6,0.8,0.9
2002,Värmdö,162.3,344,32664,1.053147196,24.2,2.5,18.1,8.7,5.6,32.4,7,0.8,0.7
2002,Järfälla,174.9,744,61290,1.213901126,18.6,2,18.3,9.3,4.7,37.2,7.8,1.3,0.9
2002,Ekerö,174.2,205,22936,0.8937914196,26.1,3.8,20.4,10.5,6.4,25.8,5.2,0.8,1
2002,Huddinge,159.1,1077,86457,1.245705958,19.5,1.9,17,8.1,4.7,37.3,8.3,1.7,1.5
2002,Botkyrka,135.5,1439,75216,1.913156775,13.8,1.6,14.3,9.6,4.7,43.1,10.3,1.2,1.4
2002,Salem,164.8,132,13875,0.9513513514,19.8,2.2,18.5,9.5,5,36.2,6,1.6,1.1
2002,Haninge,153.3,1012,70902,1.427322219,16.1,2,14.7,8.1,5,42,9,0.9,2.3
2002,Tyresö,168.3,434,39720,1.09264854,21.8,2,18.4,7.8,4.9,35.2,7.2,1,1.6
2002,Upplands-Bro,156.2,164,21162,0.77497401,18,2.8,15.5,10.9,3.8,39.4,7.9,0.8,0.9
2002,Nykvarn,162.1,44,8204,0.5363237445,17.6,4.8,14,8.2,4.2,42.9,5.2,1.9,1.2
2002,Täby,210.5,601,60198,0.9983720389,35.1,2,25.3,9.6,3.6,19.5,3.4,0.9,0.6
2002,Danderyd,256.6,215,29755,0.7225676357,45.1,1.9,24.7,10.7,3.2,11.2,2.1,0.5,0.7
2002,Sollentuna,188.9,672,58515,1.148423481,24.5,2.5,21.5,9.9,4.7,29.2,5.9,1,0.6
2002,Stockholm,179.5,13704,758148,1.807562639,21,1.8,19.5,6.6,6.8,31.4,10.9,1,1
2002,Södertälje,145.4,1193,79613,1.498498989,14.5,3.4,12.9,9.7,6,42.3,7.5,0.7,3.1
2002,Nacka,187.2,824,76624,1.075381082,27.4,1.7,22,7.9,5.4,26.9,6.9,0.9,0.9
2002,Sundbyberg,176,572,33797,1.69245791,19.2,2,17.2,6.4,5.6,37.3,9.7,1.5,1.1
2002,Solna,179.7,745,57585,1.293739689,21.8,1.8,19.4,6.9,5.5,33.3,9.3,0.9,1.1
2002,Lidingö,220.7,298,41192,0.7234414449,36.4,1.8,26.5,9.3,4.1,17,3.5,0.8,0.5
2002,Vaxholm,171.7,89,9631,0.9240992628,26.3,3.6,23.1,9.7,4.9,25.7,5.7,0.6,0.5
2002,Norrtälje,141.3,590,53702,1.098655544,17.3,8.6,13.1,8.3,4.6,39.3,6.2,0.5,2
2002,Sigtuna,159.2,538,35771,1.50401163,20.1,3.7,15.4,9.3,4.2,38.1,6.8,1.7,0.6
2002,Nynäshamn,151.2,302,24528,1.231245923,15.8,3.6,13.2,8.7,4.9,42.8,8.8,1.8,0.5
2002,Håbo,165,220,17864,1.231527094,23.3,4,13.9,10.9,3.8,36.6,5,1,1.4
2002,Älvkarleby,143.7,230,8970,2.564102564,6.8,3.2,8.2,4.8,3.5,61.2,10,2.3,0.1
2002,Knivsta,150,150,12586,1.191800413,20.1,6.8,17.9,10.5,5,31.8,5.5,1.6,0.8
2002,Heby,122.5,159,13725,1.158469945,9.6,16.9,8.4,10.5,3.5,40.5,8.4,1.4,0.8
2002,Tierp,130,334,20088,1.66268419,8.2,12.5,8.1,7.7,3.7,50.7,7.3,1.5,0.4
2002,Uppsala,152.4,3384,179673,1.883421549,15.1,5.1,18.6,8.9,6.9,33.7,9.4,1.5,0.9
2002,Enköping,140.9,613,37647,1.628283794,16.3,11.4,10.8,9.6,3.5,40,5.4,0.8,2.1
2002,Östhammar,139.8,345,21827,1.58061117,12.9,12.2,8.7,7.9,3.9,46,6.5,1.2,0.6
2002,Vingåker,129.7,213,9181,2.320008714,11.1,7.5,8.6,8.2,5,53,5,0.7,0.9
2002,Gnesta,140.1,119,9813,1.212677061,14.5,10.4,11.4,8.5,6.5,40.3,6.6,0.6,1.2
2002,Nyköping,147.7,938,49310,1.902251065,13,6,11.3,9.3,4.3,47.4,7.4,0.8,0.6
2002,Oxelösund,157.4,193,11183,1.725833855,9.8,1.9,8.8,5.9,4.7,56.2,11.7,0.5,0.5
2002,Flen,131.5,550,16520,3.329297821,12.1,7.5,9.3,8.7,4.5,48.1,7.5,1,1.2
2002,Katrineholm,135,688,32381,2.124702758,10.9,6,9.8,7.8,5,52.7,5.6,1.2,1
2002,Eskilstuna,137.8,3030,90089,3.363340696,12.2,4.4,12.6,7.6,5,47.8,7.8,1.3,1.3
2002,Strängnäs,152.4,420,30015,1.39930035,18.4,5.4,16.3,9.5,4.5,38.5,5.9,0.5,1.1
2002,Trosa,157.5,91,10514,0.8655126498,19,5.1,13.4,9.3,5.3,41,5.5,0.6,0.7
2002,Ödeshög,119.7,100,5566,1.79662235,12.2,14,5.9,18.4,4.6,38.1,5.5,0.3,1.1
2002,Ydre,119.9,37,4004,0.9240759241,10.4,16.9,8.3,21.4,4.8,33,4.3,0,0.8
2002,Kinda,124,166,10014,1.657679249,11.1,16.3,8.1,14.4,4.2,38.5,5.8,1,0.5
2002,Boxholm,129.4,93,5291,1.757701758,7.4,11.4,5.9,9.8,3.2,53.4,7.5,0.6,0.8
2002,Åtvidaberg,134.2,192,11887,1.615209893,11,9.7,7.7,10.1,3.7,49,6.7,0.7,1.4
2002,Finspång,143.5,325,21208,1.532440588,9.7,5.7,8.3,9.6,4,51.6,9.5,0.9,0.6
2002,Valdemarsvik,125.7,114,8230,1.385176185,13.9,15.5,7.7,9.1,3.4,43.4,5.8,0.4,0.8
2002,Linköping,152,2653,135066,1.964224897,16,5.1,15.1,10.7,5.4,38.2,7,0.7,1.9
2002,Norrköping,139.6,3625,123303,2.939912249,16.7,3.8,11.6,9.1,5.1,42.3,7.8,1.4,2.2
2002,Söderköping,135.1,229,14009,1.634663431,19,10.4,10.3,11.5,5.4,35.3,5.8,1.3,1.1
2002,Motala,138,823,42078,1.95589144,10.8,5.1,10.2,9,4.1,49.4,7.6,0.4,3.4
2002,Vadstena,141.6,85,7629,1.114169616,16.7,6.8,10.2,12,4.8,40.7,5.3,0.6,2.8
2002,Mjölby,135.1,436,25153,1.733391643,12.7,8,9.9,10.1,3.4,46.4,7.2,0.3,2.1
2002,Aneby,122,70,6631,1.055647715,9.2,11.6,7.4,28.3,2.9,34.4,4.3,0.6,1.4
2002,Gnosjö,145.9,95,9997,0.9502850855,12.9,6.6,7.5,30.6,1.9,34.4,3.6,1.5,0.9
2002,Mullsjö,132.2,136,7124,1.909039865,12,5.3,8,25.6,4.3,35.3,7,0.8,1.6
2002,Habo,139.6,127,9584,1.325125209,14.9,6.1,9.4,23.7,2.9,36,5.1,0.4,1.6
2002,Gislaved,143.3,366,29976,1.220976781,14.1,10.6,8.9,14.7,2.7,41.4,4.7,1.5,1.3
2002,Vaggeryd,136.9,261,12603,2.070935492,10.7,7.4,6.6,24.8,2.6,40.5,5,1,1.3
2002,Jönköping,145.2,2321,118581,1.95731188,13.2,4.1,10.7,19.9,3.6,39.7,6.5,1,1.3
2002,Nässjö,134.6,307,29341,1.04631744,11.5,7.4,7.1,17.7,3.3,43.5,7.3,0.9,1.2
2002,Värnamo,145.5,508,32252,1.575096118,12.3,8.8,8.8,20.9,2.7,40.1,4,1.3,1
2002,Sävsjö,123.4,205,10975,1.867881549,12.9,13.6,6,25.6,2.2,32.6,4.5,1.4,1.3
2002,Vetlanda,132.7,430,26428,1.627062207,11.2,12.2,8.1,19.7,3,38.2,5.8,0.8,1
2002,Eksjö,137.4,191,16761,1.139550146,13.2,11.3,9,19.4,3.6,37.1,4.9,0.8,0.8
2002,Tranås,133.5,338,17718,1.907664522,13,5.6,8.5,17.8,3.5,43.8,6.2,0.4,1.3
2002,Uppvidinge,129.5,125,9580,1.30480167,10.6,15.9,6.8,9,2.7,43.4,8.9,2.4,0.3
2002,Lessebo,134.1,146,8255,1.768625076,10.1,8.1,7.5,6.5,3.6,53.2,9.4,1.2,0.4
2002,Tingsryd,126.1,260,13175,1.973434535,14.9,17.7,6.2,11.9,3.3,36.5,6,2.2,1.2
2002,Alvesta,131.8,261,18930,1.378763867,13,13.6,8.8,11.2,3.3,40.2,7.2,2.2,0.7
2002,Älmhult,140.8,235,15444,1.521626522,14.8,11.4,8.7,10.7,3.3,44.5,4.7,1.3,0.5
2002,Markaryd,130.8,181,9615,1.882475299,11.8,10,6.6,16.1,2.6,44.2,5,3,0.8
2002,Växjö,147,1722,75036,2.294898449,15.9,7.6,12.3,10,4.9,38.8,8.2,1.5,0.8
2002,Ljungby,138.4,328,26943,1.217384849,12.2,14.4,8.5,12.9,3.9,39.5,6.5,1.2,0.9
2002,Högsby,118.3,153,6300,2.428571429,9.6,12.8,5.3,14.3,2.3,46.1,8.2,0.8,0.5
2002,Torsås,121.5,142,7293,1.947072535,13.1,19.2,6.5,12.9,3.5,39.1,4.5,0.6,0.6
2002,Mörbylånga,130.4,208,13430,1.548771407,15.3,13.2,10.5,12,3.9,37.7,6.4,0.6,0.5
2002,Hultsfred,124.8,235,14893,1.577922514,9.1,14.1,5.4,12.3,2.3,46.2,8.2,1.8,0.5
2002,Mönsterås,135,230,13220,1.7397882,10.4,11.5,7,10.2,2.9,47.8,7.9,0.9,1.4
2002,Emmaboda,138.8,85,9690,0.8771929825,9.8,13.3,5.5,9.9,3.3,50.4,5.8,0.8,1.3
2002,Kalmar,143.2,1444,60066,2.404022242,15.4,6.1,11.4,9.9,4.7,42.9,7.1,0.7,1.8
2002,Nybro,132.5,271,19871,1.363796487,10.8,11.6,7,11,2.3,46.8,7.6,0.5,2.6
2002,Oskarshamn,148.8,388,26161,1.483123734,12.5,5.2,8.3,13.7,3,47.7,8.1,1,0.5
2002,Västervik,134.9,989,36913,2.679272885,11.6,9.7,10.9,9,3.9,45,8.5,0.8,0.5
2002,Vimmerby,129.7,237,15628,1.51650883,11,18.3,6.4,12.7,3.2,41.2,6.1,0.8,0.4
2002,Borgholm,114.4,233,11162,2.087439527,16,21.3,8.7,14.5,4,28.6,5.7,0.5,0.8
2002,Gotland,124,1469,57381,2.560080863,14,15.6,7.9,6.5,5.5,40.8,8.5,0.6,0.5
2002,Olofström,142,317,13637,2.324558187,8.2,6.3,9.4,9,2.8,51.9,8.7,3.2,0.4
2002,Karlskrona,143.9,1633,60676,2.691344189,13.8,6.1,12.4,9.9,4,43.7,7.2,2.6,0.3
2002,Ronneby,136.6,826,28472,2.901095813,12.7,7.3,10.6,7.8,3.8,45.6,9,3,0.2
2002,Karlshamn,144.4,745,30739,2.423631218,11.6,5.4,10.3,7.5,4.6,47.4,10.3,2.7,0.2
2002,Sölvesborg,136.7,383,16351,2.342364381,18.6,5.1,9.4,8.7,3,45.1,7.1,2.7,0.4
2002,Svalöv,126.6,250,12705,1.96772924,15.2,12.7,9.6,7.3,2.8,41,4.1,4.9,2.3
2002,Staffanstorp,157.2,273,20110,1.357533565,20.7,3.9,14.7,7,2.4,41.7,3.3,3.6,2.7
2002,Burlöv,137.9,387,15326,2.52512071,14.2,2.3,11.9,5.2,2.7,48.2,6.3,6.5,2.6
2002,Vellinge,175.2,415,31087,1.334963168,38.6,2.3,18.4,7.9,1.9,23.8,1.4,3.3,2.3
2002,Östra Göinge,130,264,14087,1.87406829,12.5,7,7.8,9.4,3.4,49.1,7.3,2.1,1.4
2002,Örkelljunga,124.8,140,9419,1.486357363,17.8,7.3,10.1,21.4,2.5,32,3.7,3,2.2
2002,Bjuv,130.8,311,13674,2.274389352,12.9,3.7,8.6,7.3,2.2,53.3,5.9,5,1.2
2002,Kävlinge,153,424,25191,1.683140804,18.1,4.3,13.8,6.4,2.6,43,4.1,6,1.6
2002,Lomma,179.4,194,18167,1.067870314,26.7,2.5,19.9,7.7,3.1,32,2.6,3.4,2.1
2002,Svedala,148,298,18151,1.641782822,16.6,4,13.5,6.9,2.5,44.5,3.8,6.3,1.9
2002,Skurup,130.4,404,13949,2.896264965,17.6,9.5,11.2,7.1,2.6,39.9,4.8,5.7,1.6
2002,Sjöbo,122,379,17027,2.225876549,18.4,10.8,9.1,9.3,2.8,36.7,4.8,5,3.2
2002,Hörby,122.4,243,13949,1.742060363,14.6,14.3,11.5,10.1,3.5,33.6,3.6,5.6,3.2
2002,Höör,130.4,249,14169,1.757357612,17,7.7,13.1,9.1,4.7,35.4,4.9,4.4,3.6
2002,Tomelilla,120.2,246,12447,1.976379851,18.4,12,9.7,8.1,3.2,37.4,5.3,5,0.9
2002,Bromölla,142,205,12022,1.70520712,9.3,3.8,7.7,7,2.9,56.4,8.7,3.4,0.7
2002,Osby,133.9,211,12637,1.669700087,10.9,9.1,8.3,11.4,3.2,46,7.2,3,0.8
2002,Perstorp,136.6,95,6789,1.399322433,15.8,7.2,10.8,9.3,2.2,42.9,7.7,1.7,2.5
2002,Klippan,129.7,345,15745,2.191171801,18.9,7.3,9.3,11.8,2.7,40.5,4.5,2.7,2.2
2002,Åstorp,127.4,239,13150,1.817490494,17.8,4.4,8.5,9.7,2.2,47.3,5.3,3.8,1.1
2002,Båstad,138.8,248,14009,1.770290528,27.1,11.3,15.4,14.9,3.6,21.4,3.1,2.5,0.6
2002,Malmö,133,10263,265481,3.865813373,16.5,1.2,13.8,5.3,4.3,42.4,7.6,3.8,5.3
2002,Lund,151,1993,100402,1.985020219,16.9,3.3,20.6,5.7,7.2,34.2,9.1,1.7,1.2
2002,Landskrona,131.2,1162,38475,3.02014295,16.4,2.2,13.6,5.7,2.5,44.4,6.3,6.2,2.7
2002,Helsingborg,146.5,4082,119406,3.418588681,18.8,2.1,15.1,8.4,3.6,39,5.9,4,3
2002,Höganäs,153.7,501,22790,2.198332602,22.8,4,16.2,11.5,3.6,32.7,4.7,2.7,1.8
2002,Eslöv,131.9,642,28985,2.214938761,14.1,9.4,10.8,5.9,3.2,45.6,5.2,4.5,1.3
2002,Ystad,140,671,26383,2.543304401,19.7,5.9,11.6,6.4,2.9,44,4.6,2.9,1.8
2002,Trelleborg,135.5,908,38759,2.3426817,15,4.1,9.8,7.1,2.8,48.1,4.1,4.9,4
2002,Kristianstad,137.8,1845,74951,2.461608251,16.7,4.9,14,9.1,3.8,41.6,5.9,2.3,1.6
2002,Simrishamn,128.9,270,19406,1.391322271,19.8,9,11.9,9.1,3.9,35.7,6.7,2.5,1.4
2002,Ängelholm,144.3,895,37706,2.373627539,24,5.8,13.6,12.4,3.8,31.9,4,2.3,2.1
2002,Hässleholm,130.9,1062,48536,2.18806659,15.1,8.8,10.5,13,4.1,38.5,5.6,3.5,0.9
2002,Hylte,130.9,123,10401,1.182578598,11.5,17.3,9,8.7,2.9,42.3,4.6,1.1,2.7
2002,Halmstad,139.5,2476,86585,2.859617717,16.4,5.8,13.9,8.5,4.2,40.9,6.9,0.7,2.9
2002,Laholm,125,575,22750,2.527472527,16.6,16.4,10.2,11.5,3.6,33,4.8,1.2,2.7
2002,Falkenberg,127.1,1012,38896,2.601809955,14.3,15,11.3,9,3.8,36.8,5.5,1.2,3
2002,Varberg,136.2,1247,53346,2.337569827,13.8,11.4,11,9.9,4,39,7,1.3,2.5
2002,Kungsbacka,162.7,996,66573,1.496102023,24.5,5.9,19.8,12.1,3.8,26.2,4.7,1.2,1.9
2002,Härryda,161,410,30844,1.329269874,17.2,3.9,18.9,9.6,5.1,34.2,7.7,1.5,1.7
2002,Partille,158.7,569,33088,1.719656673,16.4,1.9,19.3,11.3,4.5,34.6,9,1.4,1.6
2002,Öckerö,146.2,113,11981,0.9431600033,18.8,1.8,13.4,27.3,3.7,27.7,6.2,0.7,0.4
2002,Stenungsund,153,363,21755,1.668581935,16,5.1,16.5,11.3,4.2,37.3,6.8,1.3,1.6
2002,Tjörn,149.1,279,14826,1.881829219,16.1,3.8,17.6,22,3.7,28.7,5.4,1.9,0.8
2002,Orust,137,261,15113,1.726990009,14.6,9.3,14.6,11.3,4.6,35.6,8.1,1.3,0.5
2002,Sotenäs,139.5,167,9467,1.764022394,19.1,4.6,15,10.7,3.4,39.2,5.9,1,1.2
2002,Munkedal,126.2,235,10434,2.252252252,10.7,14.1,9,12.1,3.3,40.4,7,2.2,1.3
2002,Tanum,123.1,241,12210,1.973791974,14.5,18.6,14.2,10.5,5,29.3,5.9,0.6,1.5
2002,Dals-Ed,122.8,174,5044,3.44964314,10.8,17.9,6.4,17.2,3.7,37.9,4.3,0.3,1.6
2002,Färgelanda,128.5,112,6939,1.614065427,9.2,19.5,10.8,10,2,39.8,6.1,1.6,0.9
2002,Ale,144.7,558,25835,2.159860654,11.1,5.4,12.1,10.2,4.1,43.9,10.3,2.1,0.9
2002,Lerum,157.9,514,35558,1.44552562,17.3,3.4,18.1,12.1,5,32.9,8.5,1.7,0.9
2002,Vårgårda,133,173,10668,1.621672291,10.6,12.3,10,23.4,4.2,31.3,6.3,0.6,1.3
2002,Bollebygd,148.1,82,7831,1.047120419,16.6,7.8,10.9,13.9,4.5,37.3,7,1.5,0.5
2002,Grästorp,130.9,101,5848,1.727086183,18.3,17,9.4,12.3,2.9,33.2,5.2,1.2,0.4
2002,Essunga,124.8,99,5757,1.719645649,17.8,18.7,8.7,12.3,2.7,33,5.7,0.3,0.9
2002,Karlsborg,133.8,181,6967,2.59796182,13.6,10.2,9.5,12.4,3.2,43.5,6.2,0.5,0.9
2002,Gullspång,119.6,120,5765,2.081526453,11.6,10.7,6.8,10.9,3.9,42.9,8.1,2.7,2.3
2002,Tranemo,135.3,139,11988,1.159492826,12.3,15.4,8.9,11.8,3.3,42.1,5,0.9,0.3
2002,Bengtsfors,131.1,369,10516,3.50893876,8.9,14.1,9,10.5,3,46.2,6.9,0.2,1.1
2002,Mellerud,122.6,279,9807,2.844906699,12.7,15.3,9.6,13.4,3.1,35.7,6.3,1.9,2
2002,Lilla Edet,135.7,231,13010,1.775557264,10.2,8.5,9.7,8,4.7,45.6,9.8,2.7,0.8
2002,Mark,132.1,612,33015,1.853702862,11.1,10.5,9.5,12.1,4.1,42.8,8.1,1,0.9
2002,Svenljunga,125.5,132,10529,1.253680312,13.7,15.2,10.4,12.7,3.3,38.2,4.8,0.9,0.8
2002,Herrljunga,127.2,144,9486,1.518026565,12.1,16,9.8,17.1,3.5,32.7,6.6,1.2,1
2002,Vara,124,297,16009,1.855206446,19.6,16.2,8.9,12.5,2.7,33.3,5.6,1,0.3
2002,Götene,134.2,276,12983,2.12585689,11.6,10.9,9.1,14,3.9,40.5,8,1,1
2002,Tibro,131.3,357,10624,3.360316265,11.9,8.1,10.7,14.3,3.5,42.5,7.2,0.8,1
2002,Töreboda,118.2,254,9426,2.694674305,13.7,14.6,7.3,10.9,3.7,39.3,7.4,2.3,0.9
2002,Göteborg,153.2,13785,474921,2.902588009,17.4,1.9,18,8.6,6.5,33.2,11.9,1.6,1
2002,Mölndal,162.6,890,57079,1.559242453,15.9,3,19,9.7,4.3,35.1,8.9,2,2.1
2002,Kungälv,154.8,476,37912,1.255539143,15.1,6,14.9,12.1,4,38.4,7.5,1.2,0.7
2002,Lysekil,140.2,359,14801,2.42551179,11.4,3.7,15.4,7,4.4,48.9,7.6,1.2,0.4
2002,Uddevalla,139.2,1106,49683,2.22611356,11.8,5.3,12.5,10.7,4.1,43.3,9.1,2.4,0.7
2002,Strömstad,128.3,206,11218,1.836334462,13.9,13.8,12.8,7.6,5.3,38.5,6.8,0.6,0.7
2002,Vänersborg,146.1,779,37025,2.103983795,11.2,7.5,11.3,10.3,4.3,44,9.6,0.9,0.9
2002,Trollhättan,150.6,1298,52937,2.451971211,11.5,4.5,11.3,7.7,3.9,49.9,8.8,2.1,0.3
2002,Alingsås,144.8,698,35327,1.975825856,13.1,5.5,15.3,15.8,5.6,34.4,9.2,0.5,0.6
2002,Borås,142.6,1993,98150,2.030565461,15.2,4.3,11.6,11.7,3.8,42.2,8.2,1.5,1.6
2002,Ulricehamn,134,388,22299,1.73998834,12.6,13.3,11.3,15.4,4,35.1,6.3,0.5,1.6
2002,Åmål,134.1,469,12829,3.655779874,9.7,11.4,9.4,10.1,4,46.7,6.9,0.7,1
2002,Mariestad,136.2,656,23743,2.762919597,13.1,6.2,10.1,11.3,4.4,43.6,8.8,1.7,0.7
2002,Lidköping,139.7,828,36941,2.241411981,12,8,10.1,11.3,3.7,43.4,9.4,0.7,1.4
2002,Skara,138.4,444,18311,2.424771995,14.8,9,10.3,10.5,4,42.2,7.8,0.8,0.5
2002,Skövde,144.9,1164,49405,2.356036838,14.6,7.5,12.2,11.7,3.9,40.9,7.1,1,1
2002,Hjo,130.8,242,8845,2.736009045,15,8.4,11.3,15.1,3.7,37.7,6.9,0.9,0.9
2002,Tidaholm,127.8,318,12585,2.52681764,10,8.3,8.4,11.4,3.2,49.2,8.4,0.8,0.4
2002,Falköping,129.6,735,30896,2.378948731,14.3,12,8.5,14.8,4,37.4,6.9,1.5,0.6
2002,Kil,133.3,289,11892,2.43020518,13.6,10,11.4,9.8,3.8,41.8,7.1,1.6,0.9
2002,Eda,122.4,141,8670,1.626297578,8.8,13.3,8.2,8.1,2.6,49.8,7,0.9,1
2002,Torsby,125.1,274,13404,2.044165921,15.7,12.7,5.9,5.4,2.9,43.6,11.6,1.2,1
2002,Storfors,133.7,105,4605,2.280130293,9.3,7.3,7.7,7.3,3.1,52.6,10.4,1.2,1.2
2002,Hammarö,158.2,201,14237,1.411814287,14.2,4,13.3,7.6,3.6,46.5,8.2,1.3,1.3
2002,Munkfors,133.5,139,4086,3.40186001,6.1,8.6,7,4.1,3,59.3,9.6,1.8,0.5
2002,Forshaga,132.7,269,11474,2.344430887,9.2,7.5,8.7,7.2,3.9,51.9,8.1,2.2,1.3
2002,Grums,139.6,241,9312,2.588058419,8.8,9.6,5.8,7.5,2.1,54.7,8.8,0.9,1.8
2002,Årjäng,116.5,183,9743,1.87827158,9.8,14.3,27,10.7,2.1,29.3,5.5,0.7,0.6
2002,Sunne,125.7,353,13573,2.600751492,14.6,20.3,9.4,8.9,3.8,35.1,5.9,1.6,0.5
2002,Karlstad,147.6,1923,80934,2.376010082,15.2,5.7,14.2,8.7,4.9,40,8,1.4,2
2002,Kristinehamn,139.9,473,23963,1.973876393,12,8.6,12.3,8.3,4.3,42.1,9.5,1.4,1.5
2002,Filipstad,134.3,295,11178,2.639112542,8.2,5.6,7.3,5.8,3.3,53.8,12.3,1.4,2.2
2002,Hagfors,137.2,329,13797,2.384576357,6.3,9.4,5,4.9,2,56.9,13.7,1.2,0.6
2002,Arvika,131.2,510,26262,1.941969385,10.3,9,10.7,7.9,5.6,44,9.4,1.7,1.4
2002,Säffle,131.7,307,16289,1.884707471,12.4,19.1,10.8,10.9,3.6,33.8,6.6,1,1.9
2002,Lekeberg,132.7,158,7027,2.248470186,11.2,18.1,8.9,11.8,3.7,36.6,6.5,2.4,0.8
2002,Laxå,133.7,160,6471,2.472569927,6.8,7.3,8.9,10,2.4,50.7,9.7,2.4,1.7
2002,Hallsberg,137.1,306,15651,1.955146636,8.4,8.4,8.6,8.7,3.4,50.8,8.3,2.3,0.9
2002,Degerfors,142.7,229,10306,2.222006598,5.1,5.3,6,5.2,2.5,60.8,13.3,0.9,0.7
2002,Hällefors,133.1,226,7794,2.89966641,6.9,6.2,6.2,4.3,3,62.6,9.8,0.7,0.3
2002,Ljusnarsberg,132.1,145,5482,2.645020066,7.2,10.8,6,6.2,3.4,51.8,12.3,1.7,0.7
2002,Örebro,141.6,3158,125520,2.515933716,12.1,4.6,14.2,10.2,5.2,41.8,9,1.8,1.3
2002,Kumla,142.3,340,19105,1.779638838,10.2,7.2,9.3,10.4,3.1,48.5,7.9,2.2,1.1
2002,Askersund,136.3,241,11449,2.104987335,11.1,10.6,8.8,9.4,3.2,45.5,8.6,2.1,0.8
2002,Karlskoga,152.3,771,30600,2.519607843,11.3,2.8,9.6,6.6,2.9,54.6,8.9,1.2,2
2002,Nora,139.5,261,10515,2.482168331,11,7.8,11.4,8.9,4.1,45.3,9.1,1.4,1
2002,Lindesberg,138,549,23492,2.336965776,10.1,12,8.4,7.6,4,47.5,7.7,1.6,1
2002,Skinnskatteberg,136.2,54,4785,1.128526646,7.8,8.3,6.8,5.3,3.9,53.6,12.9,0.6,0.9
2002,Surahammar,146.2,122,10207,1.195258156,7.2,3.8,8.7,5.6,3.5,57.8,11.5,0.9,0.9
2002,Kungsör,141.2,162,8222,1.970323522,12.2,8.9,11.7,8.5,3.6,45.3,8.3,0.5,1.1
2002,Hallstahammar,139.1,257,14986,1.714933938,8.3,4.3,9.8,8.3,3.3,52.3,10.6,1.9,1.1
2002,Norberg,138.8,91,5876,1.548672566,8.9,5.4,8.1,5,4.2,49.6,17.2,0.4,1.2
2002,Västerås,154,3049,128902,2.365362834,14.5,3.2,16.7,8.2,4.9,42.4,7.3,1.2,1.7
2002,Sala,131.6,322,21663,1.486405392,11.8,12.8,11.3,9.6,4.3,40.8,7.4,1.2,0.8
2002,Fagersta,152.3,220,12325,1.784989858,10.2,3.9,8,6,3.6,52.6,13.7,1,1
2002,Köping,139.4,524,24647,2.126019394,11,7,10.3,6.8,3.3,48.8,9.9,0.9,2.1
2002,Arboga,139.7,330,13574,2.431118314,11.7,6.9,12.3,8.4,5.3,44.3,8.9,1,1.3
2002,Vansbro,125.7,217,7235,2.999308915,9,16,6.9,10.8,3.1,42.2,9,1.4,1.8
2002,Malung-Sälen,130.4,210,10593,1.982441235,14.5,11.3,10,6.6,2.6,42.7,9.5,0.6,2.2
2002,Gagnef,131.7,225,10008,2.248201439,9.9,15.1,8.9,10.6,4.5,40.4,7.3,0.8,2.5
2002,Leksand,135.7,245,15301,1.601202536,12.5,14.1,10.2,13.1,4.8,34.9,7.7,0.8,1.9
2002,Rättvik,128.3,333,10898,3.055606533,12.8,14.6,11.3,8.1,4.5,38.9,6.7,0.8,2.2
2002,Orsa,123.6,211,7015,3.007840342,10.3,13.6,9.1,8.2,6,36.9,10.2,2.8,2.9
2002,Älvdalen,125.7,263,7617,3.452802941,7.9,13.6,8.9,8.5,4.3,43.2,7.9,0.8,4.8
2002,Smedjebacken,143.5,318,11157,2.850228556,9.4,6.6,6.9,5.1,3.7,55.1,11.5,0.5,1.1
2002,Mora,137.5,514,20024,2.566919696,12.2,12.2,11,8.6,5.2,39,8.2,1,2.8
2002,Falun,146.4,1205,54841,2.197261173,15.3,8.4,12.5,7.5,5.6,38.4,8.6,1.1,2.7
2002,Borlänge,142.3,1239,47049,2.633424727,10.4,6.2,9.5,6.2,5.2,48.6,10,1.8,2.2
2002,Säter,133.8,187,11043,1.693380422,11.7,15.6,8.3,8.5,4,39.3,9.8,0.9,1.9
2002,Hedemora,134.8,352,15584,2.258726899,10.6,12.9,7.6,7.9,5.1,42.9,10.4,0.6,2
2002,Avesta,146,517,22296,2.318801579,9.6,9.5,8.8,7,3.5,50,9.7,0.8,1.1
2002,Ludvika,144.7,696,25975,2.679499519,8.9,4.6,7.7,5.9,3.9,53.9,13.2,1.1,0.9
2002,Ockelbo,131.3,167,6101,2.737256188,6.7,15.4,6.6,5.9,2.8,46.9,13.4,0.8,1.4
2002,Hofors,145.1,205,10372,1.976475125,6.5,5.1,7.7,4.3,3.3,56.4,15.4,1.2,0.2
2002,Ovanåker,127.1,327,12193,2.681866645,7.4,23.2,8,13.8,3.7,35.7,6.8,0.3,1
2002,Nordanstig,127.5,291,10021,2.903901806,7,20,7.9,8.6,4.5,39.4,9.2,0.7,2.7
2002,Ljusdal,129.2,476,19776,2.406957929,8.2,14.6,9,7.4,4.4,41.8,12.9,0.9,0.8
2002,Gävle,149,3110,91276,3.407248346,11.8,4.4,12.9,7.4,5,46.5,10,1.5,0.6
2002,Sandviken,150,1086,36765,2.953896369,9.1,6.5,8.5,6.5,3.7,51.8,11.8,1.1,1.1
2002,Söderhamn,139.6,918,27250,3.368807339,7.6,10.9,8.2,7,3.7,45.1,15,0.8,1.7
2002,Bollnäs,133.6,776,26210,2.960702022,9.6,18.1,11.4,7.5,4.8,37.2,9.1,0.8,1.3
2002,Hudiksvall,137.9,1385,37048,3.738393436,8.1,15,7.8,7.1,5.6,42.6,11.8,0.6,1.4
2002,Ånge,133,277,10948,2.530142492,7,12.6,6.2,6.4,3.3,50.1,12,1,1.4
2002,Timrå,147.3,458,17784,2.575348628,5.4,8.3,8,5.9,2.3,55,12.5,1.5,1.2
2002,Härnösand,142.9,569,25193,2.258563887,10,10.5,10.1,7.4,5.7,45.6,9.6,0.4,0.7
2002,Sundsvall,156.9,2454,93252,2.631578947,10.9,6.9,12.1,6.9,4.2,46.4,10,1.4,1.3
2002,Kramfors,133.5,563,20711,2.718362223,6.8,13.9,5.4,5.8,3.7,51,12.6,0.4,0.5
2002,Sollefteå,133.4,681,21384,3.184624018,6.8,9.9,5.7,7.4,4.1,53.4,11.5,0.7,0.6
2002,Örnsköldsvik,143.2,1220,55047,2.216287899,6.4,12,8,10.3,2.6,51.8,7,0.1,1.7
2002,Ragunda,125.9,168,6079,2.763612436,7.7,18,4,3.2,3.2,49.4,12,0.2,2.4
2002,Bräcke,125.1,187,7406,2.524979746,8.3,14.9,5.5,2.6,3.3,52.2,11.4,0.1,1.6
2002,Krokom,128.8,317,14005,2.26347733,9.1,20.6,5.4,5.2,6.4,41.8,9.6,0.3,1.6
2002,Strömsund,124.4,422,13371,3.156084063,6.5,15.3,4.7,4.3,3.1,50.8,13.3,0.3,1.7
2002,Åre,119.7,178,9692,1.83656624,12.2,17.1,7.7,7,6.7,37.3,8.7,0.1,3.1
2002,Berg,118,141,7949,1.773808026,8.6,22.1,5.4,6.8,5.3,39,10,0.3,2.5
2002,Härjedalen,126.8,157,11289,1.390734343,9.8,11.6,6.1,4.7,3.7,50.2,12.2,0.3,1.5
2002,Östersund,146.6,1487,58156,2.556915881,11.1,13.2,9.2,5.2,5.8,43.2,11,0.3,1.1
2002,Nordmaling,129,102,7573,1.346890268,7.5,14.5,9,10.1,2.3,48.3,7.5,0.2,0.7
2002,Bjurholm,121,37,2608,1.418711656,14.1,20,10.5,10.2,0.9,39,4,0.2,1
2002,Vindeln,126,116,5960,1.946308725,8.6,19.9,9.5,11.3,2.3,39.5,7.4,0.3,1.3
2002,Robertsfors,124.6,106,7168,1.478794643,5.7,30.4,5.4,8.9,2.1,38.8,8,0.2,0.5
2002,Norsjö,130.8,91,4541,2.003963885,4.1,19.6,6.7,9,1.7,44.1,13.7,0.1,1
2002,Malå,140.8,70,3553,1.970166057,6.1,9,8.5,7.2,2,48.8,17.3,0.1,0.9
2002,Storuman,128.1,245,6679,3.668213804,8.2,13.7,8,11.4,3.6,42.3,10,0.3,2.4
2002,Sorsele,124.4,60,3046,1.969796454,5.6,15.3,6.4,11.7,4.7,44.1,9.4,0.5,2.3
2002,Dorotea,124.4,90,3247,2.771789344,3.8,12.6,9.2,4.6,1.8,55.1,11,0.3,1.7
2002,Vännäs,131.7,101,8479,1.191178205,5.5,18.6,6.9,8.9,3.2,44.8,11.5,0.4,0.2
2002,Vilhelmina,123.1,241,7655,3.148269105,3.2,12.7,8.7,11.4,3.3,48.2,10.2,0.6,1.7
2002,Åsele,126.7,122,3499,3.486710489,5.2,17.2,5.8,6,1.9,52.4,9.1,0.4,2
2002,Umeå,145.4,1954,106525,1.834311195,7.8,8.6,11.8,7.5,6.5,43.9,12.6,0.3,1
2002,Lycksele,134.9,290,12884,2.250853772,5.5,8.4,10.9,10.9,2.1,50.6,9.9,0.4,1.4
2002,Skellefteå,141.9,1931,71813,2.688928188,5,10.2,9.5,8.5,3.6,50.7,11.5,0.4,0.7
2002,Arvidsjaur,136.9,257,7017,3.662533846,5.1,7.5,5.4,4.3,1.9,53.9,14.5,0,7.4
2002,Arjeplog,131,105,3291,3.190519599,3.9,9.3,5.5,5.7,4.5,45.8,14.8,0,10.6
2002,Jokkmokk,131.7,154,5782,2.663438257,4.1,3.2,5.4,3.7,8.7,45.3,13.5,0,15.9
2002,Överkalix,130.1,122,4058,3.006407097,3.6,9.3,3.2,3.5,3.3,53.7,13.1,0.2,10.2
2002,Kalix,139.1,681,17805,3.824768324,6.4,6.2,4.9,4,8.8,53.4,10.1,0.2,6
2002,Övertorneå,120.8,244,5391,4.526061955,6.4,11.8,2.6,6.1,3.1,36.8,12.8,0.1,20.2
2002,Pajala,123.9,353,7206,4.898695532,5,4.2,2.2,7.9,2.5,35.5,19.5,0,23
2002,Gällivare,148.5,678,19420,3.491246138,7,1.9,4,3.4,4.9,41.9,16.6,0.8,19.5
2002,Älvsbyn,132.3,262,8835,2.965478212,4,7.5,4,6.2,2.4,53.6,15,0.2,7.2
2002,Luleå,150.1,2426,72139,3.362952079,9.9,4.8,9.8,5.8,6.2,47,11.6,0.2,4.7
2002,Piteå,145.3,1264,40531,3.118600577,4.7,6.1,6.2,6.4,4,55.5,11.9,0.4,4.8
2002,Boden,144,691,28268,2.444460167,10,3.9,6.8,5.2,5,47.3,11.6,0.2,10
2002,Haparanda,119.2,443,10334,4.286820205,11.5,10.8,3.9,5.5,4.2,44.8,9.8,0.2,9.2
2002,Kiruna,151.3,922,23555,3.91424326,4.5,1.9,4.2,3.9,5.3,40.9,14.8,0.5,24
2006,Upplands Väsby,180.6,1030,37848,2.721411964,34.5,4,9,6.3,5.2,30.6,5.8,2.5,2.1
2006,Vallentuna,180.2,354,27868,1.27027415,42.1,7.5,8.8,7.1,6.1,20.9,3.4,1.8,2.3
2006,Österåker,186,563,37879,1.486311677,42.3,5.6,9.3,7.3,5.6,22.8,3.6,1.8,1.7
2006,Värmdö,181.3,515,35803,1.438426947,42.9,5.5,8.4,6.2,6.4,22.4,4.3,2.1,1.8
2006,Järfälla,189.7,1374,62342,2.20397164,34.1,4.1,9.5,6.8,5.5,30.1,5.6,2.2,2.1
2006,Ekerö,194.3,288,24301,1.185136414,44.7,7,10.3,7.4,6.6,17.1,3.3,1.4,2.2
2006,Huddinge,172.3,1837,90182,2.036991861,35.2,4.2,9.1,6.2,5.4,29.1,5.7,2.7,2.3
2006,Botkyrka,145.9,2631,77553,3.392518665,27,3.3,7.7,6.7,5.4,38.4,7.2,2.2,2.1
2006,Salem,180.9,213,14715,1.447502548,35.5,4.9,9.6,6.4,5.8,28.8,4.1,2.6,2.3
2006,Haninge,166.9,1682,72956,2.305499205,32.6,3.9,7.9,5.9,5.5,33.3,5.9,2.3,2.8
2006,Tyresö,184.6,663,41476,1.598514804,38.6,4.9,9.3,5.9,6.1,26.2,4.9,1.5,2.6
2006,Upplands-Bro,170.8,415,21638,1.917922174,31.9,4.4,7.7,8.4,5,32.4,5.7,2.6,1.9
2006,Nykvarn,185.4,104,8609,1.2080381,34.6,7.1,7.2,5.8,4.1,32.6,2.8,2.9,2.9
2006,Täby,231.4,815,61006,1.33593417,53.8,5.2,11.2,7.5,3.8,13.8,2.1,1.1,1.5
2006,Danderyd,278.8,312,30492,1.023219205,59.7,6.3,10.6,9.4,3,7.8,1.2,0.7,1.2
2006,Sollentuna,207.2,1095,60528,1.809080095,41.1,6,10.9,7.6,5.2,21.8,4.1,1.3,2
2006,Stockholm,196.6,19306,782885,2.46600714,35.1,5.6,10,5,9.3,23.2,7.4,1.6,2.7
2006,Södertälje,159,2189,81791,2.676333582,26.8,5.4,7.1,7.2,6.4,36,5.6,1.9,3.5
2006,Nacka,209.4,1416,82421,1.71800876,43.8,5.7,10.2,6.3,6.6,19.9,4.3,1.3,1.9
2006,Sundbyberg,186.1,974,34529,2.820817284,33.4,4.6,9.2,4.4,7,29.8,7,2.1,2.6
2006,Solna,198.6,1344,61717,2.177682,37.8,5.1,10.7,5.1,7,24.4,6,1.6,2.3
2006,Lidingö,247.1,452,42321,1.068027693,52.9,6.4,11.9,8.1,4.3,11.5,2.2,1.4,1.2
2006,Vaxholm,197,124,10440,1.187739464,46.6,6.9,8.9,7.8,6.9,17.2,2.9,1.1,1.7
2006,Norrtälje,159.4,920,54836,1.677729958,32,9.5,6.7,6.3,4.9,31.5,4.8,2.1,2.2
2006,Sigtuna,172,906,36976,2.450237992,34.7,5.3,7.6,6.3,4.5,32.9,4.1,2.5,2.1
2006,Nynäshamn,166.3,486,24992,1.944622279,31.3,5.1,6.6,6,5.2,34.9,5.7,3,2.2
2006,Håbo,178.6,332,18637,1.781402586,39.6,5.9,6.8,6.3,3.9,28.8,3.6,2.3,2.7
2006,Älvkarleby,159,397,9110,4.357848518,14.6,4.6,5,3.7,3.5,54.4,7.6,3.8,2.9
2006,Knivsta,182.7,207,13597,1.522394646,34,10.1,9.9,7.9,5.5,24.3,3.6,2.6,2.2
2006,Heby,142.5,243,13530,1.796008869,18.9,17,5,7.1,3.1,36.7,5.9,3.8,2.4
2006,Tierp,146.5,600,19943,3.008574437,14.7,14.3,5.5,5.5,3.6,45.8,5.5,3.1,2
2006,Uppsala,170.6,4660,185187,2.51637534,26.9,8.6,11.3,7,7.8,26.9,6.5,2,3
2006,Enköping,159.1,911,38486,2.367094528,29.1,12.5,5.2,5.9,4.4,34.2,3.8,2.2,2.7
2006,Östhammar,161.9,386,21435,1.800793095,23.5,13.1,6,5.5,3.7,39.4,4.4,2.3,2
2006,Vingåker,143.2,282,9212,3.06122449,18.4,7.8,4.1,6.1,4.5,51,4,2.8,1.3
2006,Gnesta,157.6,217,9981,2.174130849,26.1,11.3,5.5,5.6,7.3,34.5,4.9,2.5,2.3
2006,Nyköping,168.3,1189,50191,2.368950609,23.6,7.3,6.7,7.5,5.2,40.4,4.8,2.4,2
2006,Oxelösund,176.4,208,11111,1.87201872,18.5,3.4,5.7,4.6,4.7,50.7,8.1,2.3,1.9
2006,Flen,148.9,534,16222,3.291825915,20.2,8.7,4.9,5.6,4.3,46.5,5.4,2.7,1.7
2006,Katrineholm,153.3,1151,32029,3.593618283,19.1,6.7,7.2,5.7,5.2,48,4.3,2.4,1.5
2006,Eskilstuna,156.9,3501,92250,3.795121951,21.6,6,6.9,5.8,5.4,44.1,5.4,2.8,2.1
2006,Strängnäs,171.5,795,31152,2.552003082,32.4,7.6,8.3,6.7,4.7,32.5,3.7,2.2,2
2006,Trosa,180.9,201,10951,1.835448817,35.2,6.3,7.9,7,4.9,31,3.4,1.9,2.4
2006,Ödeshög,139.1,138,5433,2.540033131,20.8,12.8,4,13.6,3.8,35.7,3.8,2.8,2.6
2006,Ydre,143.1,76,3822,1.988487703,20.3,19,4.3,14.4,3.8,30.8,3.6,2.6,1.2
2006,Kinda,145.3,171,9918,1.724137931,20.8,16.2,3.7,8.4,4,38,4.2,2.5,2.3
2006,Boxholm,150.6,106,5226,2.028319939,13.5,11.2,2.9,8,3,50.5,5.5,2.5,2.9
2006,Åtvidaberg,150.4,339,11775,2.878980892,19.8,10.3,4.2,7,3.1,46.4,4.7,2.2,2.4
2006,Finspång,163,437,20812,2.099750144,18,7,4.7,7,4.1,47.1,6.6,2.7,2.8
2006,Valdemarsvik,140.4,225,8038,2.799203782,22.9,14.7,4.2,6.6,2.7,40.2,4,2.5,2.3
2006,Linköping,167.6,4202,138580,3.032183576,27.4,7.2,8.6,7.7,6.2,32.8,4.8,1.7,3.7
2006,Norrköping,157.1,5119,125463,4.080087356,26.1,5.6,6,6.4,5.5,37.1,5.8,2.8,4.6
2006,Söderköping,157.2,279,14051,1.985623799,28.6,11.7,5.3,7.6,5.3,30.9,4.4,2.7,3.5
2006,Motala,154.7,1242,41959,2.960032413,21,6.2,6.1,5.9,4,44.1,5.8,2.6,4.3
2006,Vadstena,159.6,182,7541,2.413473014,27.9,8.1,5.4,8,4.2,36,4.3,2.6,3.4
2006,Mjölby,153.5,705,25348,2.781284519,21.5,8.6,5.5,7.2,3.2,42.9,4.6,2,4.5
2006,Aneby,146.7,130,6551,1.984429858,17.6,13.1,4.9,22,2.8,31.5,3.2,3.3,1.6
2006,Gnosjö,166.1,160,9598,1.667013961,21.5,7.5,4,25.1,2.3,31.7,2.5,3.7,1.8
2006,Mullsjö,153.6,150,7075,2.120141343,20.9,7.2,5,19.8,4.1,32.6,4.8,3,2.8
2006,Habo,157.9,164,10122,1.620233156,24.8,7,5.6,19.4,3.2,31.7,3.4,3.4,1.5
2006,Gislaved,158.3,649,29327,2.212977802,25,10.5,5.4,10,2.7,36.7,3.1,4.6,2
2006,Vaggeryd,157.4,302,12816,2.356429463,19.8,8.4,4.6,19.1,2.5,37.3,3.5,3.8,1.1
2006,Jönköping,165.3,2868,122194,2.347087418,22.9,5.8,6,17,4.1,34.5,5,2.6,2.1
2006,Nässjö,155.4,614,29369,2.09063979,19.2,8,4.1,14,3.5,40.9,5.4,3.2,1.7
2006,Värnamo,165.7,502,32841,1.528577084,22.1,10.6,5,15.5,2.8,35.9,3,3.8,1.3
2006,Sävsjö,142.2,159,10985,1.447428311,20.4,13.4,3.8,20.9,1.8,30.4,3.1,4.8,1.4
2006,Vetlanda,155.8,427,26380,1.618650493,19.7,13,5.5,14.4,3.2,35.9,4.4,2.7,1.3
2006,Eksjö,157.9,246,16516,1.489464761,23.9,12.2,5.6,13.9,3.7,32.7,3.7,2.8,1.6
2006,Tranås,151.7,395,17765,2.223473121,22,6.9,5.3,12.5,3.8,40.2,4.6,2.9,1.8
2006,Uppvidinge,142.8,165,9508,1.735380732,20.5,15.9,3.4,6.5,2.7,37.8,6,5.7,1.5
2006,Lessebo,148.9,177,8099,2.185454994,18.2,9.6,4,4.1,3.5,48.2,7.6,3,1.9
2006,Tingsryd,146.5,276,12712,2.171176841,26.2,15.9,4.2,7.6,2.9,33.7,4,3.9,1.6
2006,Alvesta,152.6,343,18741,1.830211835,24.1,13,5.1,7.5,3.2,36.9,4.4,3.8,2
2006,Älmhult,169.6,236,15368,1.535658511,24.4,12.7,4.9,7.9,3.5,37.5,3.4,4.7,1.1
2006,Markaryd,149.2,160,9613,1.664412774,19.8,10.4,3.7,12.6,2.4,41.3,2.8,4.8,2.2
2006,Växjö,166.6,2130,78473,2.71430938,26.7,8.7,7.2,7.7,5.5,33.9,5.5,2.8,2
2006,Ljungby,158.5,437,27121,1.611297519,23.2,14,5,9.1,3.5,35.8,4.5,3.2,1.6
2006,Högsby,135.6,141,6033,2.337145699,15.8,14.7,4.2,7.1,2.1,44.7,5.1,5.2,1.1
2006,Torsås,142.5,160,7154,2.236511043,20.5,17.5,3.8,8.9,3.2,37,3.1,4,2.1
2006,Mörbylånga,151.4,324,13520,2.396449704,25.2,13.3,6,7.1,4.2,34.9,4.1,3,2
2006,Hultsfred,142,343,14306,2.397595415,16.1,14.1,3.8,8.1,2.9,43.8,5.7,3.7,2
2006,Mönsterås,153.4,322,13111,2.455953017,17.3,12.3,4.2,6.7,2.8,46.2,5.2,3.7,1.5
2006,Emmaboda,157.6,187,9436,1.981771937,17.6,13.9,2.8,7.7,3.5,45.2,4.1,3.2,2
2006,Kalmar,161.7,1871,61321,3.051157026,24.8,7.6,6.6,6.5,5.2,39.5,4.8,3,2
2006,Nybro,151.3,366,19680,1.859756098,18.9,12,3.6,7,2.7,44.3,5.3,3,3.2
2006,Oskarshamn,167.7,588,26244,2.240512117,21.2,6,4.9,8.5,2.8,44.3,6.8,4,1.6
2006,Västervik,154.6,1381,36400,3.793956044,20.1,9.3,6.3,5.8,4.2,45.3,5.5,2.1,1.5
2006,Vimmerby,150.8,367,15588,2.35437516,18.6,17.2,4.1,8.3,3.5,39.5,4.1,3.1,1.7
2006,Borgholm,136.4,325,10983,2.959118638,26.2,21.5,4.5,8,4,26.8,3.8,3.5,1.8
2006,Gotland,143.4,1982,57297,3.459168892,21.6,19.3,4.3,3.8,6.3,34.9,6,1.6,2.3
2006,Olofström,161.3,372,13355,2.785473605,14.5,6.9,5.3,5.2,2.4,51.6,6.3,6.1,1.6
2006,Karlskrona,163.7,1880,61844,3.039906862,23.6,7.1,7.5,5.8,4.1,40,4.5,5.9,1.6
2006,Ronneby,157.2,1002,28443,3.522835144,21.4,9,5.9,4.5,3.4,41.7,6.2,5.9,2.1
2006,Karlshamn,162.3,973,31179,3.120690208,19.7,6.5,6,4.5,4.2,44.6,6.7,6.3,1.4
2006,Sölvesborg,154.8,579,16615,3.484802889,27.2,5.6,4.7,5.1,2.3,41.1,4.6,7.9,1.7
2006,Svalöv,143.6,304,13055,2.328609728,22.9,13.8,5.9,4.3,3,35.7,3,9.7,1.7
2006,Staffanstorp,175.9,383,20840,1.8378119,36,5.2,8.5,4.3,3.3,32,2.2,5.2,3.3
2006,Burlöv,151.2,491,15662,3.134976376,24.7,3.2,7.4,3.3,3.1,42.3,4.3,8,3.7
2006,Vellinge,197.3,514,32270,1.59281066,55.9,3.7,8.8,5.6,1.9,16.8,1.1,4.2,2
2006,Östra Göinge,148.6,335,13886,2.4125018,18.5,8.2,5.7,7,2.7,46,3.7,5.9,2.4
2006,Örkelljunga,141.3,160,9529,1.679084899,26.5,7.8,6,13.9,1.9,29.7,2.4,7.5,4.4
2006,Bjuv,143.8,422,14199,2.972040285,20.7,4.4,4.9,4.3,2,48.2,3,10.3,2.3
2006,Kävlinge,173.4,569,27369,2.078994483,31.8,5.6,8.6,4.2,2.6,35.3,2.2,7,2.8
2006,Lomma,206.7,213,19434,1.096017289,44.6,5.2,11,5.3,2.9,22.3,1.6,3.9,3.1
2006,Svedala,164.5,448,18988,2.359384875,30.4,4.6,8.2,3.9,2.7,36.4,2.2,9.3,2.4
2006,Skurup,148.8,427,14703,2.904169217,29,8.8,6.5,4.6,2.9,35.2,2.8,7.8,2.4
2006,Sjöbo,140.2,564,17721,3.182664635,29.6,10.5,5.2,5.9,2.7,32.2,3,8.9,2
2006,Hörby,140.7,342,14540,2.35213205,26.7,12.4,7,6.3,3.1,28.8,2.4,8,5.1
2006,Höör,149.2,336,14777,2.273803884,28.2,8.6,7.2,5.7,5.2,30.7,3.8,7.7,3
2006,Tomelilla,139.7,372,12719,2.924758236,27.6,11.8,5.2,5.3,3.3,32.7,3.2,8.4,2.5
2006,Bromölla,159.5,273,12145,2.247838617,15.9,4.7,5.5,4.5,2.3,51.9,5.8,7.4,2.1
2006,Osby,151.9,246,12634,1.947126801,19.2,9.9,5.5,7.8,2.9,42.7,4.1,6.5,1.5
2006,Perstorp,150.9,184,6898,2.667439838,23.5,7.1,5.6,5.8,1.7,40.9,5.4,6.1,4
2006,Klippan,144.7,488,16106,3.029926735,27,7.3,5.4,6.5,2.6,38.3,2.9,7.5,2.6
2006,Åstorp,142.9,456,13885,3.284119553,23.4,5.7,5.1,5,1.8,45.3,2.9,8.4,2.4
2006,Båstad,164.7,242,14170,1.707833451,41.8,12.7,7.7,8.4,3.7,18.2,1.8,3.6,2.1
2006,Malmö,146.8,9862,276244,3.57003229,28.5,2.9,8.9,3.5,6.1,35.2,5.5,5,4.6
2006,Lund,170,2678,103286,2.592800573,29.8,7.2,12.3,4.4,9.1,25.7,5.9,2.5,3
2006,Landskrona,145.6,1272,40018,3.178569644,24.2,3,12.2,2.7,2.9,40.8,3.9,8.2,2.1
2006,Helsingborg,165.8,3672,123389,2.975954096,31.5,3.8,8.7,5,4.1,33.2,3.5,6.3,3.9
2006,Höganäs,174.8,472,23857,1.978454961,37.3,5.8,8.4,7.8,4,27.2,2.4,4.2,2.9
2006,Eslöv,149.7,707,30437,2.322830765,22.2,9.3,7,3.8,3.1,40.1,3.5,8.4,2.4
2006,Ystad,161.2,801,27398,2.923571064,31.7,6.4,6.5,5.1,3.3,36.8,2.7,4.6,3
2006,Trelleborg,153.3,1023,40320,2.537202381,23.8,4.9,6.4,5.9,2.8,39.8,2.6,9,4.9
2006,Kristianstad,156.7,2546,76540,3.326365299,26.4,7.5,9.8,4.7,3.7,36.5,3.8,4.4,3.2
2006,Simrishamn,148.5,509,19418,2.621279225,30.9,9.7,6.1,6.7,4.8,30.2,3.5,4.4,3.7
2006,Ängelholm,165.6,1183,38682,3.058269996,35.8,7.1,7.2,7.4,3.7,27.5,2.7,4.7,4
2006,Hässleholm,150.1,1536,49381,3.11050809,25.3,9.4,6.1,8.6,3.7,35,3.4,6.4,2.1
2006,Hylte,147.8,191,10371,1.841673898,21.7,15.7,5.1,6.8,2.8,38.5,3.3,4.1,2
2006,Halmstad,160,2672,88958,3.003664651,27.7,6.8,7.8,6.1,4.3,36.1,4.4,2.6,4.2
2006,Laholm,145.8,631,23153,2.725348767,27.9,15.8,5.5,6.4,3.4,28.7,3.7,6.1,2.3
2006,Falkenberg,148.5,1186,39874,2.974369263,24.6,14.8,6.7,5.7,3.9,35.1,3.8,3,2.4
2006,Varberg,159.7,1525,55459,2.749779116,25.7,12.3,6.7,6.2,4.3,34.8,4.7,2.8,2.5
2006,Kungsbacka,186.4,1312,71044,1.846742864,39.7,8.4,9.9,8.4,3.8,21.6,3.1,2.1,3
2006,Härryda,182.9,532,32395,1.642228739,29.6,6.9,10.7,7.4,5.5,29.2,5.4,2.7,2.6
2006,Partille,180.3,697,33614,2.073540787,28.3,4.6,10.7,8.4,5.2,30.4,6.1,2.8,3.4
2006,Öckerö,170,192,12229,1.570038433,28.4,3.4,9.3,21.7,4.5,24,4.1,2.3,2.5
2006,Stenungsund,173.4,421,23190,1.815437689,27.8,7.4,9,7.3,5,31.4,5.1,2.6,4.3
2006,Tjörn,175,255,14954,1.70522937,29.5,6.3,11.1,15.9,4.2,24.8,4,2,2.2
2006,Orust,161.1,272,15185,1.791241357,25.8,11.7,8,8,4.8,31,5.1,2.6,3.1
2006,Sotenäs,162.6,181,9283,1.949800711,30.2,6.4,10.3,9.7,3.3,31.7,3.7,2.2,2.7
2006,Munkedal,147.3,219,10246,2.137419481,20.1,14.2,5.9,8,3.3,38.3,4.7,3.3,2.2
2006,Tanum,146.4,243,12253,1.983187791,26.8,19,8.7,7.1,4.7,25.2,3.5,2.2,2.7
2006,Dals-Ed,137.9,166,4900,3.387755102,19.8,17.1,4.7,12,2.8,33.9,3.1,1.9,4.7
2006,Färgelanda,143.2,197,6779,2.906033338,17.5,18.7,6.3,5.6,2.1,38.1,3.7,4.2,3.6
2006,Ale,162.8,609,26800,2.27238806,21.2,7,7.2,7.1,4.2,40,7.2,3.9,2.2
2006,Lerum,178.3,608,37092,1.639167475,30,6.3,10.2,8.8,6.4,27.5,5.6,2.5,2.8
2006,Vårgårda,149.9,240,10896,2.202643172,18.4,13.6,7.6,16.6,4.7,29.5,4.2,3.2,2.2
2006,Bollebygd,169.2,166,8179,2.029587969,27.1,9.4,6.6,8.5,3.5,32.4,5.6,3.8,3.2
2006,Grästorp,150.2,123,5809,2.117404028,29.5,16.4,4.5,6.4,2.4,32.6,3.6,2.3,2.4
2006,Essunga,147.1,125,5651,2.211997876,27.4,18.2,4.6,7.5,3,29.8,4.3,2.9,2.2
2006,Karlsborg,156.1,204,6880,2.965116279,22.1,13.5,6.1,7.4,2.8,39.4,3.8,2.6,2.3
2006,Gullspång,140.1,148,5506,2.687976753,17.8,11.2,4.7,7,3,43.1,5.3,3.7,4.3
2006,Tranemo,156.4,106,11742,0.9027422926,21.2,17.6,5.8,6.5,3.1,36.1,3.5,3.9,2.4
2006,Bengtsfors,144.3,458,10080,4.543650794,16.6,14.4,4.9,6.9,4.1,42.8,5.5,2.1,2.8
2006,Mellerud,138.1,250,9623,2.59794243,20.5,15.9,5.3,9.4,3.1,34.2,5,4.3,2.2
2006,Lilla Edet,153.7,295,12836,2.298223746,17.7,9.1,5.4,5.5,3.8,42.5,7.9,5.2,3
2006,Mark,151.3,672,33594,2.000357207,20.4,11.8,5.3,7.8,4,38.3,6.4,2.9,3
2006,Svenljunga,146.6,159,10405,1.528111485,24,16.3,6.2,7.7,2.2,34.2,2.6,2.9,4
2006,Herrljunga,150.6,192,9243,2.077247647,21.3,15.5,6.9,10.6,3.2,31,4.9,3.6,3
2006,Vara,145.2,382,15961,2.393333751,28.6,16,4.9,7.8,2.3,32.1,4.1,2.2,1.9
2006,Götene,152.7,270,12959,2.083494097,21,10.9,5.5,10.8,3.9,38.6,4.7,2.6,2
2006,Tibro,151.6,351,10671,3.289288726,19.7,9.8,7,10.3,2.9,40.3,4.6,3.3,2.3
2006,Töreboda,137.1,294,9368,3.138343296,21.2,14,4,6.9,3.1,39.9,5.2,3,2.7
2006,Göteborg,173,17152,489757,3.502144941,26.9,4.5,10.2,6.7,8.4,28.9,8.7,2.5,3.1
2006,Mölndal,182.6,1198,58938,2.032644474,27.8,5.6,11.6,7.6,5.5,29.9,6.1,3.3,2.5
2006,Kungälv,175.9,574,38899,1.47561634,26.2,7.9,8.8,8.7,4.5,33,5.1,3.5,2.4
2006,Lysekil,161.3,322,14631,2.200806507,20.7,4.8,10.2,6,4.7,42.9,5.5,2.5,2.7
2006,Uddevalla,158.9,1367,50507,2.706555527,23.1,6.1,7.5,7.9,4.7,38.9,5.2,3.6,3.1
2006,Strömstad,146.7,258,11569,2.230097675,21.9,13.8,9.8,6.3,5.2,34.2,4.9,1.8,2.2
2006,Vänersborg,163.8,842,37023,2.274261945,19.4,8.5,6.8,7.5,4.8,42,5.9,2.6,2.5
2006,Trollhättan,166.1,1573,53830,2.922162363,18.8,5.6,6.8,5.5,4.3,49.6,5.4,2,2.1
2006,Alingsås,164.6,821,36481,2.250486555,22.7,8.1,9.7,10.4,6.7,31.5,6.4,2.4,2.2
2006,Borås,160.4,2640,100221,2.634178466,25.4,5.8,7.2,7.9,4.2,36.4,6.1,3.2,3.9
2006,Ulricehamn,153.9,454,22436,2.023533607,24,14.7,5.7,9.8,4.2,30.7,4,2.9,4
2006,Åmål,151.5,446,12716,3.507392262,18.4,11.1,5.1,6.4,4.2,44.2,5.8,2.4,2.5
2006,Mariestad,155.4,629,23933,2.628170309,23.6,6.8,4.9,7.7,3.8,42.1,6.1,3,2
2006,Lidköping,161.3,1018,37526,2.712785802,22.4,8.8,5.4,8.8,4.3,39.5,6.4,2.8,1.8
2006,Skara,157.9,478,18595,2.57058349,25.5,9.1,6.1,6.7,4.1,38.4,4.8,3,2
2006,Skövde,164.9,1392,50153,2.775506949,25.4,8.8,6.7,7.4,4,37.5,5,3,2.1
2006,Hjo,151.9,222,8853,2.507624534,25.7,9.1,5.9,10.1,4.4,35.5,4.4,3,2
2006,Tidaholm,147.4,239,12653,1.888880107,17.3,8.6,4.2,7.2,3,48.7,5.6,3.3,2
2006,Falköping,149.5,673,31240,2.154289373,22.4,12.6,4.5,9.6,3.6,36.1,4.8,4.2,2.2
2006,Kil,151.6,271,11803,2.296026434,21,11,6,6.5,3.4,41.7,5.2,3.3,1.9
2006,Eda,136.2,166,8670,1.914648212,16.1,15.8,3.5,6.1,2.1,45.3,4.8,3.3,3
2006,Torsby,144.1,324,12946,2.502703538,21.4,11.7,3.2,3.9,2.4,44.7,8.3,2.9,1.4
2006,Storfors,151.1,138,4526,3.049049934,15.5,8.4,3.6,4.5,2.2,52.3,8.6,2.8,2
2006,Hammarö,178.9,308,14489,2.125750569,25,5.6,7,6.6,4,41.9,5.7,2.3,1.9
2006,Munkfors,149.1,132,3936,3.353658537,9.5,9.7,5.5,2.7,2.4,55.8,9.1,3.2,2
2006,Forshaga,149.8,241,11466,2.101866388,16.3,7.6,5,5.3,3.1,51.2,5.7,3.6,2.1
2006,Grums,157.5,221,9332,2.368195456,16.3,9.5,3.3,5.4,2.3,52,6.4,2.7,2.1
2006,Årjäng,132.9,178,9821,1.812442725,19.3,18.7,8.2,10,2.3,31.9,4.6,2.9,2
2006,Sunne,144.8,357,13591,2.626738283,23.7,19.9,5.2,5.7,3.2,34.2,3.9,2.5,1.7
2006,Karlstad,168.4,2099,82878,2.532638336,25.2,7.5,7.7,6.5,5.5,36.8,6,2.3,2.5
2006,Kristinehamn,158.1,539,23848,2.260147601,20.6,8.6,6.4,5.5,3.6,43.6,7.3,2.5,1.9
2006,Filipstad,149,323,10952,2.949233017,14,5.9,4.2,3.5,2.3,56.5,8.9,3.1,1.6
2006,Hagfors,152.5,357,13127,2.719585587,11.7,8.3,3.1,3.1,1.8,55.8,11.1,3.7,1.5
2006,Arvika,152.1,549,26131,2.100952891,18.5,11.2,5.5,5.4,4.9,41.6,6.8,3.9,2.1
2006,Säffle,146.9,344,15973,2.153634258,20.6,17.1,5.2,7,2.5,36.7,4.2,3.9,2.8
2006,Lekeberg,150.5,234,7096,3.297632469,18.9,17.2,4.8,10,3.6,34.8,4.1,4.7,2
2006,Laxå,158,237,6046,3.919947072,13.5,7.6,4.3,8,2,53.6,5.6,3.6,1.7
2006,Hallsberg,154.6,509,15287,3.32962648,14.7,8.7,4.9,6.6,3.5,49.1,5.9,4.6,1.9
2006,Degerfors,159.5,325,10014,3.245456361,9.8,5.4,3.2,5.2,2.7,57.6,11.2,2.9,2
2006,Hällefors,152.1,255,7539,3.38241146,12.6,7.6,2.7,3,2.7,57.5,8.6,3.5,1.9
2006,Ljusnarsberg,143,182,5243,3.47129506,14.5,10.3,3.1,3.8,3.4,48.4,8.9,5.9,1.7
2006,Örebro,160.9,4673,128977,3.623126604,21,6.3,8.7,8.1,6,38,6,3.5,2.4
2006,Kumla,156.3,668,19643,3.40070254,16.5,7.4,6.1,8.9,2.9,47.3,4.7,4.4,1.8
2006,Askersund,157.1,383,11470,3.339145597,18.6,10.9,5.2,7.4,3.5,43.9,5.4,3.7,1.3
2006,Karlskoga,170,885,30159,2.934447429,19.8,4.2,4.7,5.3,3.2,49.4,6.4,3,4
2006,Nora,158.1,308,10482,2.93837054,18.5,9,6.7,6.2,4.6,43.1,5.5,4.1,2.3
2006,Lindesberg,155.2,661,23074,2.864696195,18.2,12.4,4.4,5.4,3.6,43.5,5.3,5.1,2.1
2006,Skinnskatteberg,150.4,125,4752,2.63047138,14.4,9.2,5.7,3.8,3.4,48.6,9.2,3,2.8
2006,Surahammar,161.6,230,10109,2.275200317,14.4,4.8,5.9,4.2,3.1,54,8.4,2.5,2.8
2006,Kungsör,161,202,8211,2.460114481,23.4,10.9,6.1,5.6,3.7,38.8,5.8,3.2,2.6
2006,Hallstahammar,157.7,392,15042,2.606036431,16,5.3,5.9,7.2,3.7,49.1,7.5,2.8,2.4
2006,Norberg,155.8,153,5843,2.618517885,16.3,6.6,4.5,3.3,4.2,44.5,12.6,3.1,4.8
2006,Västerås,171.5,4447,132920,3.345621426,26.7,5.3,10.1,6,4.9,35.9,5.3,2.2,3.5
2006,Sala,149.2,467,21360,2.186329588,23,14.3,6.3,6.5,3.5,35.5,5.7,2.7,2.5
2006,Fagersta,170.5,323,12202,2.647107032,17.8,4.4,5.1,4.6,3,49.9,9.4,2.3,3.3
2006,Köping,160.6,711,24659,2.883328602,19.9,8.6,5.6,5,3.3,45.1,6.6,3.4,2.4
2006,Arboga,157.4,328,13391,2.449406318,21.1,8.8,6.6,5.2,3.9,42.1,6.4,2.4,3.5
2006,Vansbro,142.1,287,6983,4.109981383,16.6,15.9,3.6,9.3,2.3,39.2,7.4,2.9,2.7
2006,Malung-Sälen,148.4,192,10518,1.825442099,26.4,11.8,6.3,3.7,2.4,37.8,7.9,2.1,1.7
2006,Gagnef,150.6,162,10080,1.607142857,18.2,16.3,4.1,7.3,4.1,38.6,5.7,2.7,3
2006,Leksand,156.6,313,15450,2.025889968,25.5,13.6,5,10.5,4.9,31.3,4.8,1.5,2.9
2006,Rättvik,148.3,307,10884,2.820654171,22.2,15.3,5.7,5.5,4.1,36,4.1,2.5,4.5
2006,Orsa,141.3,237,7026,3.373185312,21,15.6,4.2,5.5,5.1,34.8,6.9,3.2,3.6
2006,Älvdalen,143.3,283,7419,3.81453026,17.6,14.5,4.1,5.3,2.7,42.4,4.7,3.3,5.5
2006,Smedjebacken,166.2,263,10715,2.454503033,16.1,7.3,3.2,3.5,2.9,53.7,7.6,2.2,3.5
2006,Mora,158.7,626,20159,3.105312764,23.3,13.6,4.9,4.8,4.8,36.3,5.2,1.8,5.3
2006,Falun,167.1,1613,55267,2.918558995,25.5,10.5,6.3,5.9,6.1,33.8,5.9,2.5,3.6
2006,Borlänge,160.6,1462,47399,3.084453259,18.8,7.3,5.7,4.4,4.4,45.5,7.1,3.6,3.2
2006,Säter,154,268,10991,2.438358657,20,15.5,4.9,5.6,3.8,37.3,6.7,2.5,3.6
2006,Hedemora,151.1,425,15380,2.763328999,19.5,12.1,4.1,5.3,4.7,40.8,7.4,3.1,3
2006,Avesta,165.8,546,21963,2.48599918,19.3,8.4,4.9,4.4,3.4,46.1,6.7,4,2.8
2006,Ludvika,162.9,722,25477,2.833928642,16.6,6.1,4.4,4,3.2,49.2,10,2.9,3.6
2006,Ockelbo,153.9,171,6038,2.832063597,14.9,16.8,3.1,4,3.2,44.5,9.2,2,2.2
2006,Hofors,165.4,240,10091,2.378356952,13.7,5.9,5.4,2.8,3.2,51,11.4,4,2.6
2006,Ovanåker,149.4,344,11816,2.911306703,13.1,22.9,4.4,11.4,2.7,37,4.1,2,2.4
2006,Nordanstig,145.5,330,9810,3.363914373,14.2,19.5,5,5.2,3.5,38.3,7.1,3.7,3.6
2006,Ljusdal,146.6,700,19243,3.637686431,19.2,14.5,4.4,4.9,3.9,38.8,8.4,3.1,2.7
2006,Gävle,168.8,4102,92416,4.438625346,22.2,6.2,7.1,4.9,5.4,40.6,7.5,3.3,2.8
2006,Sandviken,172.9,878,36748,2.389245673,17.5,7.8,5,4.5,3.3,47.5,8.9,2.4,3.1
2006,Söderhamn,153,1245,26257,4.741592718,15.1,10.9,4.1,4.9,3.4,45.5,9,3.6,3.4
2006,Bollnäs,152.2,894,26278,3.402085395,17,17,4.8,5.7,3.8,38.5,6.7,3,3.6
2006,Hudiksvall,155.9,1452,36956,3.928996645,17.5,15.9,3.7,5,5.3,39,8.5,2.3,3
2006,Ånge,147.5,411,10604,3.875895888,14,12.1,3.4,5,2.6,48.6,8.5,3.3,2.5
2006,Timrå,162.7,607,17870,3.396754337,12.6,8.7,4.6,4.4,2.8,53.4,7.7,3.5,2.3
2006,Härnösand,159.2,881,25080,3.512759171,19.1,11.5,5,4.9,5.7,39.4,7,2.2,5.2
2006,Sundsvall,174.9,2965,94516,3.137034999,21,8.2,7.3,5.1,4.5,42.1,6.6,2.8,2.4
2006,Kramfors,152.7,727,19816,3.668752523,12.8,14.4,3,4.1,3,50.2,9.3,1.4,1.9
2006,Sollefteå,152.2,926,20849,4.441460022,13,10.5,4,4.6,3.6,51.1,9.1,2.2,1.9
2006,Örnsköldsvik,166.3,1590,55243,2.878192712,14.9,13,4.4,8.4,2.8,49.2,4,1,2.3
2006,Ragunda,147.4,166,5806,2.859111264,12.4,17.9,2.6,2.8,2.8,45.7,11.3,1.9,2.4
2006,Bräcke,141.4,211,7202,2.929741738,15,14.9,3,2.2,3.2,48.2,9.7,1.3,2.6
2006,Krokom,147.1,333,14270,2.333566924,15.7,21.8,3.5,4.1,5.6,37.8,7.2,1.6,2.7
2006,Strömsund,143.6,421,12782,3.293694258,13.9,14.4,2.7,2.9,2.2,48.8,10.3,1.9,2.8
2006,Åre,143.1,205,10021,2.045704022,23.2,18.8,4.3,5,6.8,31.6,6.3,1.5,2.5
2006,Berg,137.5,171,7592,2.252370917,16.4,24.3,2.2,4.2,4.3,35.9,7.7,1.7,3.4
2006,Härjedalen,144.7,318,10764,2.954292085,17.2,12.9,4.7,3.8,2.3,45.7,8.2,2.7,2.5
2006,Östersund,164.9,2056,58583,3.509550552,19,15.8,5,3.8,6.2,38.2,8.1,1.3,2.6
2006,Nordmaling,149.9,200,7426,2.693239968,11.8,15.8,8.3,6.5,2.5,46.2,6.1,1.5,1.4
2006,Bjurholm,138,44,2541,1.731601732,19.2,20,9.7,8.4,2.2,35.7,3.2,0.3,1.3
2006,Vindeln,147.1,149,5665,2.630185349,16.4,19.4,5.9,8.5,2.4,39.2,4.7,1.2,2.3
2006,Robertsfors,147.4,170,6996,2.429959977,9.9,28.1,3.9,6.4,3.1,39.6,6.2,0.8,2.1
2006,Norsjö,153.2,116,4437,2.614379085,7.3,15.4,4.6,9.1,1.6,49.4,9.6,1,2
2006,Malå,162.1,87,3348,2.598566308,10.4,8.9,6.3,5.3,1.4,54.2,11,0.7,1.8
2006,Storuman,147.6,217,6432,3.373756219,15.6,12.4,6.3,9.9,2.7,40.9,8.4,1.2,2.7
2006,Sorsele,142.2,77,2867,2.685734217,12.7,17.9,4.2,9.3,2.9,41.3,8.1,1.4,2.3
2006,Dorotea,146.6,109,3069,3.551645487,8.7,12.5,8.6,3.2,1,54.6,9,1,1.3
2006,Vännäs,150.4,163,8436,1.932195353,12.5,18.2,4.4,7.1,4.3,42.5,8.3,0.9,1.8
2006,Vilhelmina,141.4,333,7280,4.574175824,8.9,12.9,6,10,2.3,47,8.9,1.4,2.5
2006,Åsele,142,124,3271,3.790889636,9.9,16.3,4.8,6.5,1.1,50.6,7,1.6,2.3
2006,Umeå,164.2,3408,111235,3.063783881,16.5,10.5,6.9,5.6,9.1,38.6,8.6,0.9,3.3
2006,Lycksele,155.5,334,12612,2.648271487,12.2,8.7,6.1,9.3,2.7,50.1,7.3,1.7,1.9
2006,Skellefteå,160.8,2096,71966,2.912486452,11,10.1,6,6.3,4.3,50.3,8.9,1.4,1.8
2006,Arvidsjaur,159.6,235,6791,3.460462377,10.5,7.5,3.9,2.1,1.7,57.5,12.5,1,3.3
2006,Arjeplog,150.5,66,3151,2.094573151,10.7,10.3,6.1,4.8,3.2,45,14.5,1.7,3.7
2006,Jokkmokk,153.5,179,5491,3.259879803,10.8,5.5,5.8,2.3,6.5,47.8,14.7,1,5.4
2006,Överkalix,149,132,3859,3.420575279,7.1,11.4,2.5,2.6,2.1,58.5,12.6,0.8,2.4
2006,Kalix,158.4,643,17396,3.696252012,10.3,7,3.3,3.3,4.7,59.9,7,1.7,2.7
2006,Övertorneå,140.3,188,5168,3.637770898,12.7,14.9,3.2,4.6,2.7,43.9,11.7,1,5.3
2006,Pajala,144.3,291,6688,4.351076555,10,4.8,2.2,5.6,2.1,45.9,22.8,1.4,5.2
2006,Gällivare,173.8,593,18959,3.127802099,11.9,2.6,2.4,2.8,2.9,52.8,17.8,2.3,4.4
2006,Älvsbyn,151.7,343,8653,3.963943141,7.8,8.6,3.1,4.7,2.1,56.7,11.3,1.6,4.4
2006,Luleå,169.1,2610,73313,3.560078022,17,6.6,6,4.4,5.7,47,8.5,1.3,3.5
2006,Piteå,165.1,1340,40943,3.272842733,10.5,7.1,4,5.1,3.8,56.7,8.5,0.8,3.6
2006,Boden,160.4,743,28002,2.653381901,18,5.5,4.2,4.7,2.9,48.9,8.8,1.8,5.1
2006,Haparanda,137.5,478,10214,4.679851185,17.2,12.3,2.3,3.7,2.1,51.4,6.3,1.4,3.5
2006,Kiruna,176.3,627,23258,2.69584659,9.5,3.3,3.1,3.9,3.7,51.8,15,2.4,7.2
2010,Upplands Väsby,198.3,862,39289,2.19399832,36.7,4,8.3,5.5,7,27.2,5.2,4.8,1.3
2010,Vallentuna,204.2,364,30114,1.208740121,44.5,7.3,8.7,6.5,7.7,16.9,3,4,1.4
2010,Österåker,208.8,696,39521,1.761089041,45.5,5.8,9.2,6.2,7.5,17.8,3.3,3.5,1.2
2010,Värmdö,205.4,591,38301,1.543040652,45.9,5.8,7.6,5.4,8.6,17.6,3.6,4.1,1.3
2010,Järfälla,203.5,1582,66211,2.389331078,36.4,4.2,8.4,6,7.8,25.7,5.3,4.8,1.4
2010,Ekerö,220.4,301,25410,1.184573003,47.1,7.3,9.3,7.1,8.2,13.2,3.2,3.4,1.1
2010,Huddinge,187.2,2315,97453,2.375504089,38.7,4.4,7.7,5.2,7.6,24.8,5.3,4.8,1.5
2010,Botkyrka,158.8,2505,82608,3.032393957,30,2.8,6.2,5.1,6.9,35.7,7.1,4.9,1.4
2010,Salem,203,241,15391,1.565850172,38.6,5.7,9.2,5.4,7.8,22.6,4,5.2,1.4
2010,Haninge,181.4,1790,77054,2.323046175,36.8,3.9,6.9,4.5,7.3,28,5,5.7,1.9
2010,Tyresö,207.4,605,42947,1.408713065,42.2,4.8,8.4,5.5,8.2,21.5,4,4.1,1.3
2010,Upplands-Bro,188.1,576,23676,2.432843386,35.1,4.2,8.2,7,6.8,27.7,4.5,5.2,1.4
2010,Nykvarn,206.2,139,9331,1.489658129,41.7,5.1,6.9,5,6.1,23.9,2.5,7.3,1.5
2010,Täby,258.2,779,63789,1.221213689,50.8,7.8,11.5,8.7,5.2,10.7,1.9,2.3,1
2010,Danderyd,313.9,326,31330,1.040536227,52.1,11.1,10.1,13.3,3.9,5.8,1.2,1.7,0.8
2010,Sollentuna,231.2,1246,64630,1.927897261,42.2,7,9.8,7.7,7.3,17.8,3.8,3.2,1.3
2010,Stockholm,218.5,21616,847073,2.551846181,34.3,6.3,8.6,5.3,12.2,20.9,7.4,3.2,1.8
2010,Södertälje,168.1,3840,86246,4.4523804,29.5,3.9,6.2,5.4,8.3,34,5.2,5.6,2
2010,Nacka,233.2,1575,90108,1.747902517,44,7.4,9,6.9,8.7,16,4,2.7,1.3
2010,Sundbyberg,201.1,970,38633,2.510806823,34.6,4.5,7.9,4,9.9,25.9,6.9,4.4,1.8
2010,Solna,222.2,1297,68144,1.903322376,38.1,5.8,9.1,5.4,10,20.6,6.1,3.4,1.6
2010,Lidingö,270.9,506,44017,1.149555853,48.7,10.1,10.7,10,5.7,9.2,1.9,2.7,0.9
2010,Vaxholm,223.3,128,10965,1.167350661,48.5,8.5,9.3,6.9,7.6,12.4,3,2.7,1.2
2010,Norrtälje,179.9,973,56080,1.735021398,36.1,8,6.6,4.9,7.2,26.5,4.5,5,1.3
2010,Sigtuna,187,1038,39990,2.595648912,38.2,4.5,7.1,5.9,6.3,27.9,3.8,5,1.2
2010,Nynäshamn,183.2,520,26032,1.997541487,35,4.5,6.3,4.8,7.2,29.3,5.4,6.1,1.4
2010,Håbo,198.9,255,19629,1.299098273,42.6,5,7.2,4.7,5.5,24.9,3.1,5.9,1.1
2010,Älvkarleby,178.8,238,9103,2.614522685,19.3,3.2,5,2.5,5.2,48.9,6.8,7.9,1
2010,Knivsta,204.4,201,14724,1.365118174,38.2,9.2,9.5,7.1,7.4,19.2,3.5,4.4,1.4
2010,Heby,160.3,315,13382,2.353908235,23.8,14.4,5.2,5.5,4.3,33.9,4.8,6.9,1.3
2010,Tierp,163.9,611,20125,3.036024845,20.6,10.4,4.6,3.6,4.7,42.9,5.3,6.3,1.6
2010,Uppsala,187.8,4472,197787,2.261018166,29.5,7.6,9.1,6.4,11.2,24,6.4,3.8,2
2010,Enköping,180.8,823,39759,2.069971579,34.8,10,5.3,4.6,6,29.1,3.6,5.4,1.1
2010,Östhammar,181.4,311,21373,1.455106911,28.2,10.7,5.8,4.2,4.4,35.3,4.5,5.5,1.3
2010,Vingåker,164.6,226,8893,2.541324637,24.1,6.9,4.1,4.7,6.5,41.5,4.1,7.3,0.9
2010,Gnesta,178.8,234,10360,2.258687259,29.5,8.9,5.8,4,9.8,28.7,5.7,6,1.6
2010,Nyköping,187.9,1318,51644,2.552087367,27.9,6,7,5.4,8.2,34.4,4.8,5.3,1.1
2010,Oxelösund,195.8,257,11193,2.296077906,23.1,2.8,5.3,3.3,7.2,44.2,7.8,4.8,1.4
2010,Flen,163.8,458,16028,2.857499376,24.2,8.2,4.8,4.9,5.9,38.7,5.5,6.9,0.9
2010,Katrineholm,168.4,1140,32428,3.515480449,25,6.3,6.8,4.3,7.6,38.4,4.6,6.3,0.8
2010,Eskilstuna,169.7,4504,96311,4.676516701,26.2,4.6,6.7,4.4,7.9,35.8,5.4,7.9,1
2010,Strängnäs,193.7,883,32419,2.723711404,35.2,6.7,7.7,5.4,6.7,26.8,4.2,6.3,1
2010,Trosa,204.8,235,11462,2.05025301,41.3,5.2,7,5.4,7.4,23.5,3.5,5.8,1
2010,Ödeshög,158,171,5284,3.236184709,26.5,9.6,3.8,12.4,5.9,31.2,3.8,5.9,0.9
2010,Ydre,163.8,66,3672,1.797385621,25.5,16,5.1,11.3,4.9,28.2,2.9,5.8,0.4
2010,Kinda,164.5,229,9762,2.345830772,25,13.2,5,6.7,6.3,32.1,4.7,6.3,0.7
2010,Boxholm,169.5,164,5221,3.141160697,20.2,9.1,3.7,5.1,4.9,45.4,5.7,5.4,0.5
2010,Åtvidaberg,169.7,326,11504,2.83379694,25.2,8.2,4.8,5.1,5.2,41.4,4.4,5,0.6
2010,Finspång,185.7,524,20747,2.525666361,22.2,5.6,4.6,5.8,5.8,43.9,6.1,5.3,0.7
2010,Valdemarsvik,163.3,194,7760,2.5,26.2,11.9,4.2,5.2,4.4,37,4.1,6.4,0.6
2010,Linköping,183.6,3765,146416,2.57144028,30.6,6.3,8.8,6.4,9.4,27.6,4.7,4.5,1.7
2010,Norrköping,174.3,4276,130050,3.287966167,30.2,4.7,6,5.2,7.9,32.5,5.7,6.1,1.8
2010,Söderköping,178.3,267,14024,1.903879064,33.7,10,5.9,6.6,7.1,26.2,4.2,5,1.3
2010,Motala,171.2,1326,41955,3.160529138,24,4.6,6.2,4.6,5.2,42.9,5.5,5.7,1.3
2010,Vadstena,180.9,167,7391,2.259504803,31.1,6.2,6.8,6.7,6.6,32.9,3.9,5,0.9
2010,Mjölby,172,762,25856,2.947091584,26,6.8,6.4,5.7,5.8,37.8,5.1,4.8,1.6
2010,Aneby,166.8,148,6393,2.315032066,22.6,12.3,5,17.7,4.6,26.6,3,7.6,0.6
2010,Gnosjö,177.4,336,9546,3.519798869,25.3,7.9,4.8,19.1,2.9,29.6,2.7,7,0.8
2010,Mullsjö,171.3,184,7033,2.616237736,25.6,5,5.2,18.8,5.8,27.8,4.8,6.1,0.9
2010,Habo,178.6,169,10741,1.573410297,30.3,5.5,6,16.3,5.2,27,3.1,6.1,0.5
2010,Gislaved,173.2,1110,29111,3.812991653,28.4,9.7,5.3,7.6,3.9,34.4,2.9,7.2,0.6
2010,Vaggeryd,171.8,389,12991,2.994380725,24.6,7.8,4.4,14.8,3.6,33.3,3.3,7.4,0.7
2010,Jönköping,182.8,3042,127382,2.388092509,27.9,5.3,6.3,13.5,6.4,29.5,4.8,5.5,0.8
2010,Nässjö,170.4,749,29339,2.552915914,24.1,7,4.9,11,5.2,34.4,5,7.7,0.7
2010,Värnamo,181.9,1034,32833,3.149270551,25.1,11.7,4.7,12.6,4.3,31.4,2.9,6.6,0.5
2010,Sävsjö,159.8,260,10830,2.400738689,25,12.3,4.4,17.7,2.8,25.3,3,9.2,0.3
2010,Vetlanda,171.7,587,26304,2.231599757,25.3,11.4,5.5,11.3,4.5,30.4,4.3,6.6,0.6
2010,Eksjö,180.5,292,16244,1.797586801,28.6,11.1,6,11.2,5.2,27.7,3.6,5.8,0.7
2010,Tranås,169.7,509,18119,2.809205806,26.8,6.4,5.4,9.6,6.3,34.8,3.9,6.4,0.5
2010,Uppvidinge,161.9,217,9244,2.347468628,25.6,14.3,4,5.3,3.7,32.6,5,9.1,0.4
2010,Lessebo,160.6,293,8139,3.599950854,24.1,7.5,4.4,3,5.7,41.6,5.7,7.6,0.4
2010,Tingsryd,163.3,278,12231,2.27291309,30.4,15.3,4,5.8,3.8,29.4,3.5,7.3,0.5
2010,Alvesta,168.1,541,18802,2.877353473,30.3,11.2,4.7,5.4,4.3,31,4.5,7.8,0.8
2010,Älmhult,185.3,301,15603,1.929116196,29.9,11,4.8,5.9,5.5,31.5,3.3,7.3,0.9
2010,Markaryd,159.7,287,9619,2.983678137,27.4,9.6,3.5,10.1,3.6,33.2,2.8,9.2,0.6
2010,Växjö,180.9,2540,83005,3.060056623,31.6,7.5,7.1,5.9,7.7,28.8,5.2,5.1,1
2010,Ljungby,174.2,865,27297,3.168846393,27.9,12.8,5.1,7.1,5.1,30.7,4.3,6.1,0.9
2010,Högsby,149.7,162,5777,2.804223645,21.3,11.3,3.4,6.1,3.7,41.3,4.3,7.5,1.1
2010,Torsås,156.7,227,6962,3.260557311,25.3,14.5,3.6,6,4.6,34,3.8,7.2,0.8
2010,Mörbylånga,173.9,299,14021,2.132515512,31.2,11,5.8,6.5,6.3,28.1,4.3,5.9,0.9
2010,Hultsfred,158.9,417,13696,3.044684579,20.7,11.7,3.7,8.6,4,39.1,5.4,6.1,0.8
2010,Mönsterås,176.8,417,12909,3.230304439,23.1,10.4,4.3,5.6,4.4,39.4,5.4,6.6,0.9
2010,Emmaboda,175.5,235,9187,2.557962338,23.6,11.1,3,5.3,4.7,40.3,5.2,5.8,1.1
2010,Kalmar,180.4,1717,62815,2.733423545,29.7,6.5,6.2,5.5,7.9,32.9,4.8,5.4,1.1
2010,Nybro,164.8,535,19651,2.72250776,24.5,9.9,3.6,6.1,4,38.6,6.1,5.8,1.4
2010,Oskarshamn,191.8,576,26163,2.201582387,27.7,4.9,5.7,7.3,4.2,37.2,5.7,6.2,1
2010,Västervik,173.1,1094,36206,3.02159863,25.8,7.3,5.5,4.7,5.4,39.9,5.1,5.2,1.1
2010,Vimmerby,169.2,436,15473,2.817811672,25.6,12.4,3.9,6.3,4.6,35.6,4.2,6.3,1
2010,Borgholm,158.3,208,10676,1.948295242,31.7,16.8,5,7.3,6.2,23.3,3.6,5.2,1
2010,Gotland,164.4,1558,57269,2.720494508,25.2,14.6,4.6,2.9,8.4,33.3,6.1,3.2,1.7
2010,Olofström,173,531,12988,4.088389282,18.9,6.1,3.7,4.5,3.6,47,5.6,9.8,0.8
2010,Karlskrona,177,1923,64032,3.003185907,28.7,5.6,6.5,4.3,5.6,35.3,4.4,8.9,0.8
2010,Ronneby,170.2,877,28254,3.103985276,26.8,7.5,4.7,3.5,5,34.7,5.9,10.9,1
2010,Karlshamn,179.7,978,31143,3.140352567,26.3,5,5.3,3.5,6.3,37.3,6.1,9.4,0.9
2010,Sölvesborg,170.5,605,16810,3.599048186,31.5,4.8,4.1,4,4.1,34.4,4,12.2,0.9
2010,Svalöv,159.9,376,13242,2.839450234,27.4,11.7,5.7,3.4,4.8,28.9,3.5,13.1,1.5
2010,Staffanstorp,193.3,393,22259,1.765577968,42.5,5.1,8.1,3.8,5.1,22.4,2.1,8.7,2.3
2010,Burlöv,162.1,512,16701,3.06568469,30.9,2.7,6.9,2.5,5.3,33.6,3.8,12.5,1.9
2010,Vellinge,218.2,520,33303,1.561420893,59.1,4.3,8.7,6.2,3.2,9.4,0.9,7,1.4
2010,Östra Göinge,164.3,437,13590,3.215599706,24.8,6.2,6,4.2,4.3,36.4,3.5,13.7,1
2010,Örkelljunga,154.2,249,9631,2.585401308,29.4,6.6,5.9,11.5,4.1,25.7,3,12.4,1.5
2010,Bjuv,153.9,518,14841,3.49033084,25.9,3.7,4.9,2.7,3.5,40.6,3.2,14.9,0.7
2010,Kävlinge,195.6,471,29013,1.623410195,40,5.3,8.6,3.6,4.7,25.4,2.1,9.1,1.2
2010,Lomma,235.4,235,21559,1.090032005,49.8,5.5,10.7,5.6,4.9,14.2,1.4,5.9,2.1
2010,Svedala,185.1,378,19822,1.906972051,39.5,4,7.3,3.2,4.6,24.2,2.2,13.3,1.7
2010,Skurup,165.2,451,14981,3.010479941,35.2,7.3,6.3,2.8,4.2,26.3,2.7,13.5,1.6
2010,Sjöbo,161.5,479,18112,2.644655477,35,8.6,4.9,3.9,4.1,23.5,2.9,15.8,1.3
2010,Hörby,159,346,14840,2.331536388,33.2,9.8,6,4.2,4.5,22.6,2.6,14,3
2010,Höör,170.5,312,15460,2.018111255,34.6,6.2,7.2,4.6,7.4,22.8,3.7,11.5,1.8
2010,Tomelilla,157,440,12914,3.407155026,31.1,9.8,4.5,2.9,4.9,28.3,3,13.4,2.1
2010,Bromölla,172.1,347,12272,2.827574967,22.4,3.5,5.5,2.8,3.9,41.1,4.6,15.4,0.7
2010,Osby,165.3,330,12724,2.593524049,24.5,9.1,4.7,5.5,5.3,34.4,3,12.8,0.6
2010,Perstorp,157.4,218,7061,3.087381391,28.2,5.6,5.1,4,4.3,35.7,4.7,11.1,1.5
2010,Klippan,158.4,511,16515,3.094156827,30.9,5.7,5.1,5.2,3.7,31.9,4,12.3,1.2
2010,Åstorp,153.3,522,14737,3.542104906,29,4.4,4.7,3.8,3.9,38.5,2.7,11.9,1.1
2010,Båstad,186.1,290,14278,2.031096792,44.1,12.1,7.4,7.2,5.5,15.3,1.9,5.6,0.9
2010,Malmö,156.5,11032,298963,3.69008874,32.6,2.8,7,3.1,8.8,28.7,6,7.8,3.2
2010,Lund,186.8,2131,110488,1.928716241,32.1,6.6,11.1,5,12.8,19.5,5.8,5,2.2
2010,Landskrona,157.8,1720,41724,4.122327677,28.2,2.5,11.7,2.5,4.3,35.8,4.1,9.9,1
2010,Helsingborg,181.1,4286,129177,3.317928114,36.2,3.3,7.9,4.4,6.5,27.7,3.4,9,1.5
2010,Höganäs,192.9,594,24637,2.411007834,42.4,5.4,9.1,6.7,5.9,20.2,2.6,6.4,1.5
2010,Eslöv,167.1,783,31587,2.478867889,29.6,6.9,7,2.8,4.8,32.2,3.2,11.8,1.6
2010,Ystad,183,660,28338,2.32902816,37.9,5.7,6.5,3.5,5.5,28.4,2.6,8.4,1.5
2010,Trelleborg,170.5,1195,42219,2.830479168,34.1,4,5.8,3.7,3.9,30.6,2.5,13.8,1.7
2010,Kristianstad,171.5,2537,79543,3.189469846,31.6,5.4,9,3.8,5.5,28.6,3.3,11.8,1
2010,Simrishamn,168.4,513,19297,2.658444318,36.2,7.4,6.1,4.6,6.8,26.5,3.4,7.6,1.3
2010,Ängelholm,186.5,1099,39394,2.789764939,40.7,6.5,6.5,5.8,6,22.6,2.7,7.6,1.5
2010,Hässleholm,164.3,1630,50107,3.253038498,29,8,5.9,5.8,6,28.3,3.2,12.9,0.9
2010,Hylte,165.5,282,10177,2.770954112,25.5,12.7,6.6,5.1,3.8,34.5,3.2,6.9,1.6
2010,Halmstad,179.8,2477,91800,2.698257081,31.6,6.1,7.6,5.1,6.4,32.4,4,5.3,1.7
2010,Laholm,165.9,679,23390,2.902949979,33.4,12.9,5.7,4.7,4.6,25.3,3.1,8.7,1.5
2010,Falkenberg,169.5,1298,41008,3.165236052,28.9,12.6,6.8,4.8,6,30,3.7,5.8,1.4
2010,Varberg,182.1,1312,58084,2.258797603,31.8,9.9,7.4,5.3,6.2,29,4.2,4.8,1.4
2010,Kungsbacka,209.8,1419,75025,1.891369543,45.5,7.4,9.7,7.3,5.7,15.9,2.6,4.6,1.3
2010,Härryda,203.9,638,34463,1.851260772,36.3,6,10.5,6.4,7.6,21.9,4.6,5.6,1.2
2010,Partille,200.7,756,35084,2.154828412,33.9,4,10,7.1,7.6,24.8,5.1,5.8,1.7
2010,Öckerö,193.9,202,12449,1.622620291,36.2,2.8,8.2,19.3,5.9,18.9,3.1,4.5,1.1
2010,Stenungsund,196.5,519,24292,2.136505846,36.1,5.9,8.6,6.2,7.1,25.8,4.2,4.9,1.3
2010,Tjörn,199.4,291,14955,1.945837513,36.1,5.6,9.9,13.2,5.9,20.4,3,5,0.9
2010,Orust,182.5,368,15221,2.417712371,33.9,8.8,8.3,6.3,6.4,25.6,4.7,4.7,1.2
2010,Sotenäs,187.3,194,9052,2.143172779,39.1,4.6,8.2,8,4.3,27.2,3.7,4.2,0.7
2010,Munkedal,159.5,291,10181,2.858265396,26,11.8,5.3,7,3.9,32.8,5.1,7.2,0.9
2010,Tanum,163.2,272,12370,2.19886823,32.6,15.4,9.2,5.8,6.3,22,3.4,4.4,1
2010,Dals-Ed,148.4,157,4692,3.346121057,27.2,15.8,4.6,9.2,3.7,28.4,3.9,6.1,1
2010,Färgelanda,156.7,265,6654,3.982566877,24.5,14.9,4.9,5.2,3,34.1,4.1,8.6,0.8
2010,Ale,182.7,687,27442,2.503461847,28.2,5,6.5,5.8,6,33,6.1,8.1,1.4
2010,Lerum,197.6,709,38580,1.837739762,35.1,5.1,10,7,8.8,22.3,5.1,5.4,1.2
2010,Vårgårda,165.9,298,10943,2.723202047,23.2,11.9,8.2,13.2,6.2,26.6,4.1,5.9,0.8
2010,Bollebygd,187.2,176,8375,2.101492537,33.1,7.2,6.5,6.5,6.1,26.6,4.7,8.2,1
2010,Grästorp,163.4,175,5776,3.029778393,31.6,14.1,5.2,4.2,3.6,30.5,3.5,6.3,1
2010,Essunga,162,129,5564,2.318475917,31.4,12.6,5,6.4,4.2,29.3,3.9,6.2,1
2010,Karlsborg,180.3,143,6752,2.117890995,26.9,11,7.7,6.5,4.3,33.6,3.4,5.8,0.7
2010,Gullspång,158.1,153,5291,2.891702892,22.7,7.5,4.9,5.3,3.7,43.9,5.1,6.2,0.7
2010,Tranemo,172.2,225,11587,1.941831363,26.7,14.1,5.9,5.5,4.9,32,3.1,6.9,0.9
2010,Bengtsfors,156,275,9791,2.808701869,23.1,10.9,5.2,5.8,4.9,38.5,5.1,5.6,0.8
2010,Mellerud,148.2,359,9179,3.911101427,26.5,13.3,6.1,6.4,4.5,29.7,5,7.7,0.7
2010,Lilla Edet,172.1,362,12578,2.878041024,22.3,6.5,6,3.8,4.7,37.9,7.3,10.1,1.4
2010,Mark,169.6,821,33845,2.425764515,24.5,9.3,7.5,6.7,5.7,34,5.6,5.8,0.9
2010,Svenljunga,161.9,241,10288,2.342534992,29,14.1,6.5,5.2,3.8,29.3,3.1,7.9,1
2010,Herrljunga,166.9,252,9314,2.705604466,24.7,13,7.2,9,5.3,27.2,4.9,7.9,0.7
2010,Vara,162.8,405,15762,2.569470879,33,12.4,5.6,6.2,3.7,28.3,4.1,5.8,0.8
2010,Götene,170,344,13223,2.601527641,25.5,8.7,6.2,8.2,6.4,34.5,4.9,4.8,0.9
2010,Tibro,165.9,395,10560,3.740530303,23.4,7.3,7.2,10,4.4,36.4,4.3,6.4,0.6
2010,Töreboda,154.4,282,9113,3.094480413,24.8,11.6,3.9,5.3,4.3,37.6,5.1,6.5,0.9
2010,Göteborg,187.1,18201,513751,3.542766827,30.4,3.8,8.4,6.1,10.7,25.2,8.5,4.9,1.9
2010,Mölndal,203.2,1436,60973,2.3551408,32.9,4.8,10.3,6.5,8.5,24.8,5.3,5.6,1.4
2010,Kungälv,198.3,790,41241,1.915569458,33.2,6.6,9.1,7.1,6.3,26,4.4,6.2,1
2010,Lysekil,181.6,316,14521,2.176158667,25.6,4.2,10,4.7,6.5,36.7,5.6,5.8,0.9
2010,Uddevalla,176.3,1600,51868,3.084753605,28.8,5,6.6,6.8,7,33.4,5.2,6.1,1.1
2010,Strömstad,161.8,187,11808,1.583672087,29.3,10.9,8.6,5.2,8.5,28,4.2,4.5,0.8
2010,Vänersborg,177.6,1161,36857,3.150012209,26,5.7,7.5,5.4,7.1,34,6.7,6.3,1.2
2010,Trollhättan,176.5,2282,55248,4.130466261,24.1,3.7,7.4,4.4,6.7,42,5.8,4.9,1
2010,Alingsås,183.3,1168,37796,3.090274103,27.9,6.2,10,8.7,9.5,25.7,6.2,4.7,1.1
2010,Borås,177.4,3184,103294,3.082463647,29.1,4.7,7.7,6.2,6.5,31.9,5.6,7.1,1.3
2010,Ulricehamn,170.7,580,22838,2.539626938,29.4,12.2,6.8,7.9,6.1,26.2,3.9,6.7,0.9
2010,Åmål,160.1,525,12295,4.270028467,24.8,6.6,6,5.2,6.1,39.7,5.3,5.5,0.8
2010,Mariestad,173.1,714,23741,3.007455457,28.1,5.3,5.6,5.7,6.1,37.1,5.9,5.2,1
2010,Lidköping,181.6,1063,38048,2.793839361,26.3,7.1,6.7,6.5,6.4,35.3,5.7,5.1,0.8
2010,Skara,176.8,603,18314,3.292563067,29.4,7.3,5.8,5.5,6.3,34.4,4.6,5.6,1.1
2010,Skövde,183.1,1679,51402,3.266409867,30.3,7.5,7.3,6.3,6.3,31,4.7,5.2,1.3
2010,Hjo,170.4,253,8841,2.861667232,28.8,7.3,7.5,8.4,6.6,30.8,4.6,5.2,0.8
2010,Tidaholm,163.4,453,12572,3.603245307,22,6.8,5,5.1,4.8,43.8,5.4,6.2,0.8
2010,Falköping,166.1,958,31513,3.040015232,27.8,9.3,5.2,7.8,5.3,31.2,4.7,7.8,0.9
2010,Kil,168.5,352,11706,3.007004955,26,9.1,5.6,5.1,5.3,38,5.2,4.7,1
2010,Eda,143.7,314,8524,3.683716565,22.7,12.3,3.7,4,2.8,43,4.6,5.7,1.1
2010,Torsby,161.1,329,12414,2.650233607,24.3,8.8,3.5,3.1,2.8,44.3,7.2,4.2,1.8
2010,Storfors,165.2,220,4273,5.148607536,18,6.4,3.3,3.9,3.5,50.8,7.3,5.7,1.1
2010,Hammarö,199,350,14926,2.344901514,31.5,4.5,7.5,5.6,5.8,35.1,5,3.9,1.2
2010,Munkfors,160.6,117,3771,3.102625298,11.8,7.3,5.9,2.9,2.6,56.1,6.6,4.9,1.9
2010,Forshaga,165.9,369,11266,3.275341736,21.1,6,5.1,4.3,4.9,47.2,5.4,5.2,0.9
2010,Grums,170.6,306,9091,3.36596634,20.9,7.3,3.8,3.4,3.7,48.8,5.3,5.4,1.3
2010,Årjäng,137.8,314,9855,3.186199899,24.4,14.3,7.4,8.4,3,31.7,3.3,6.6,1
2010,Sunne,160.1,356,13255,2.685778951,27.4,16.8,4.9,4.4,4.1,32.6,4.5,4.1,1.1
2010,Karlstad,184.4,2571,85753,2.998145837,29.9,5.5,7.5,5.3,8,32.9,5.5,4.2,1.2
2010,Kristinehamn,170.9,846,23808,3.553427419,25.4,6.1,6.1,4.4,5.5,40.6,6.3,4.5,1.1
2010,Filipstad,162.5,406,10562,3.843968945,18.6,3.8,4.1,2.8,3.6,51.8,8.2,6.2,0.9
2010,Hagfors,166.4,363,12480,2.908653846,14.4,7.1,4,2.2,2.6,53.6,9.2,5.3,1.7
2010,Arvika,166.7,988,26034,3.795037259,23.6,8.4,5.5,4.3,6.3,39,6.5,5.4,1
2010,Säffle,161.5,478,15547,3.074548144,27.4,12.1,5.6,5.9,4.4,33.6,3.9,6.4,0.7
2010,Lekeberg,171.3,199,7134,2.789458929,24.8,12.9,4.4,8.9,5.3,30.7,4.5,7.5,1.1
2010,Laxå,177.7,147,5686,2.585297221,19.5,5.7,5.2,6.3,3,49.1,5.1,5.5,0.6
2010,Hallsberg,172.1,462,15275,3.024549918,20.7,6.2,4.8,5.3,4.9,44.8,5.9,6.7,0.8
2010,Degerfors,175.1,303,9641,3.142827508,13.8,4.1,3.1,4.5,4.9,52.7,10.8,5.4,0.6
2010,Hällefors,164.8,256,7220,3.545706371,17.8,4.7,3.6,2.5,4.5,51.2,7.2,7.2,1.2
2010,Ljusnarsberg,159.9,159,4931,3.224498073,19.4,5.5,3.2,3.6,4.5,44.4,7.9,9.6,1.9
2010,Örebro,178,4529,135460,3.343422413,26,4.8,7.6,7,8.1,34.1,5.8,5.5,1.1
2010,Kumla,173.4,618,20456,3.021118498,23.4,5.2,6.3,6.9,4.7,41.1,4.2,7.2,1
2010,Askersund,177.5,251,11278,2.22557191,25.6,8.1,4.9,6,4.9,39.4,4.6,5.8,0.7
2010,Karlskoga,187.4,817,29668,2.753808818,23.2,3.1,5.3,4.8,5.4,46.3,5.3,4.7,1.9
2010,Nora,177.9,290,10447,2.775916531,24.2,6.2,6.4,5.5,6.1,40.4,4.5,5.8,1
2010,Lindesberg,171.4,794,23034,3.447078232,23.5,8,5,4.8,5.2,38.6,4.6,9.2,1
2010,Skinnskatteberg,170.1,117,4445,2.632170979,17.4,6.4,7.8,2.9,5.3,45.3,7.4,6.7,0.9
2010,Surahammar,178.6,291,9949,2.924917077,19.4,2.8,5.7,2.9,4.1,49.1,7.9,7,1.1
2010,Kungsör,176.2,271,8089,3.350228706,27.3,6.9,7,4.8,5,35.3,5.6,7.1,1
2010,Hallstahammar,170.7,546,15175,3.598023064,20.4,3.5,6.1,4.3,4.7,47,7.3,5.7,1.1
2010,Norberg,174.7,141,5723,2.463742792,20,4.6,4.7,2.9,5.8,42.4,11,7.3,1.1
2010,Västerås,191.1,4099,137207,2.987456908,30.4,4.3,8.9,5.1,6.4,32.6,4.8,5.9,1.6
2010,Sala,170.4,653,21535,3.032273044,26.3,11.3,6,4.9,5.9,33.5,4.8,6.4,1
2010,Fagersta,184.2,323,12443,2.595837017,21.2,3.4,4.9,3.7,5,44.4,8.8,7.7,0.9
2010,Köping,173.2,1064,24905,4.272234491,23.5,6.4,5.3,3.9,5.1,41,6.8,7,1
2010,Arboga,172.9,397,13285,2.988332706,26.4,5.8,6.8,4.5,6.2,37.6,5.7,6,1
2010,Vansbro,156.2,183,6805,2.689199118,19.7,13.9,3.5,6.8,2.6,40.4,5.8,6,1.2
2010,Malung-Sälen,165.8,225,10356,2.172653534,30,8.2,5.8,2.6,3,36.5,6.7,5.7,1.5
2010,Gagnef,171.2,228,10097,2.258096464,23.7,12.3,4.1,5.7,6.1,34.9,5,7.3,1.1
2010,Leksand,178.6,302,15289,1.975276342,31.4,9.4,5.3,8.8,6.5,28.9,4.1,4,1.5
2010,Rättvik,169.8,314,10811,2.904449172,26.5,11.2,5.1,4.9,6.2,34.1,3.7,6.1,2.2
2010,Orsa,156.3,183,6922,2.643744582,21.2,10.2,4.6,4.7,6.6,36.1,6.2,9,1.3
2010,Älvdalen,159.9,211,7207,2.927709172,22.8,10.6,3.1,3.7,3.7,41.7,5.3,7.9,1.2
2010,Smedjebacken,184,295,10715,2.75314979,19.7,5.1,3.4,2.7,4.1,50.9,6.7,6.4,1.1
2010,Mora,175.2,524,20153,2.600109165,26.8,9,4.9,4.5,6,36.1,4.6,6.1,2
2010,Falun,186.5,1719,56044,3.067232888,28.9,8,5.7,5,8.1,31.5,5.5,5.5,1.8
2010,Borlänge,173.9,1281,49251,2.600962417,23.2,5.4,5,3.5,6,39.6,6.6,9.2,1.5
2010,Säter,176.7,179,10840,1.651291513,26.2,11.7,4.6,4.2,4.9,33.8,5.6,7.8,1.2
2010,Hedemora,171.7,352,15164,2.321287259,23.9,9.6,3.5,4.6,6.1,36.4,6.4,8.3,1.3
2010,Avesta,183.3,616,21583,2.854098133,22.9,6.3,4.8,3.5,4.9,44.1,5.4,7.2,1
2010,Ludvika,182.1,623,25810,2.413793103,20.7,3.9,5,3.3,5.1,45.1,8.2,7.6,1.1
2010,Ockelbo,171.6,229,5936,3.857816712,19.8,12.5,3.4,2.9,5.4,41,6.1,7.8,1
2010,Hofors,178.3,344,9741,3.531464942,15.5,4,5,2,4.2,49.7,11,7.4,1.3
2010,Ovanåker,166.2,345,11440,3.015734266,18.9,15.7,3.6,10,4.2,37.8,3.6,5.2,0.9
2010,Nordanstig,160.9,280,9611,2.913328478,18.8,11.4,5.6,4.9,4.6,37.7,7,8.5,1.5
2010,Ljusdal,162,800,19065,4.196170994,24.1,9.5,4.4,3.6,5.2,37,7.4,6.9,1.9
2010,Gävle,189,3351,95055,3.525327442,27.2,4.6,6.8,3.8,7.5,34.6,6.8,7.4,1.2
2010,Sandviken,184.3,1307,36916,3.540470257,21.1,5.6,5,3.8,5.1,44.1,8.1,6,1.1
2010,Söderhamn,171.6,974,25647,3.797715132,20.2,6.9,3.9,3.3,5.2,43.4,7,8.4,1.7
2010,Bollnäs,168.2,1033,26248,3.935537946,22.3,9.6,5.4,4.3,5.3,36.8,6.8,8.4,1.1
2010,Hudiksvall,175.5,1214,36849,3.29452631,21.8,10.1,4.1,4.4,7.2,37,8.1,5.7,1.6
2010,Ånge,168.4,362,10053,3.60091515,18.9,7.7,3.2,2.9,3.1,49.8,6.9,5.9,1.6
2010,Timrå,177,703,17990,3.907726515,18.5,5.5,4.9,2.9,3.8,49.8,7.3,6,1.3
2010,Härnösand,177.7,756,24611,3.071797164,22.4,7.4,5.5,4.1,8.1,40.2,6.4,4,1.9
2010,Sundsvall,190.6,3330,95732,3.478460703,26.3,5.1,6.7,3.9,6.3,38.4,6,5.5,1.8
2010,Kramfors,170.6,737,18911,3.897202686,15.7,9.9,3.1,3.4,4.6,50.5,8.4,3.1,1.3
2010,Sollefteå,166.6,894,20255,4.413725006,15.5,6.4,3.5,2.7,4.5,52.3,7,4.5,3.5
2010,Örnsköldsvik,185.9,1845,55073,3.35009896,19,9.5,4.2,6.9,4.5,46.9,4.1,3,1.8
2010,Ragunda,161.9,183,5590,3.273703041,14.7,13.8,1.8,1.5,3.5,50.6,8,3.8,2.2
2010,Bräcke,157,258,6885,3.747276688,17.6,12.1,3.4,1.4,3.8,49.9,6.8,3.9,1.1
2010,Krokom,164,321,14535,2.208462332,21.3,18.1,3.2,3.2,6.2,37,6.4,3.5,1
2010,Strömsund,160.1,489,12185,4.013130899,17.6,10.7,2.3,2.1,2.9,50.6,8.2,4.8,0.8
2010,Åre,160.1,226,10274,2.199727467,26.7,14.6,5.2,4,8.7,31.6,4.9,3.1,1.2
2010,Berg,153.2,314,7352,4.270946681,21.4,17.5,2.7,2.6,5.3,39.4,5.3,4.6,1.2
2010,Härjedalen,162.8,259,10454,2.477520566,22.2,9.4,3.8,2.3,3.8,44.6,6,7,0.8
2010,Östersund,181.1,1883,59416,3.169180019,23.9,11.7,4.5,3.1,8.1,37.8,6.6,3.1,1.2
2010,Nordmaling,171.6,225,7098,3.169907016,17.3,10.6,6.7,5.4,3.3,45.5,7.2,3.3,0.7
2010,Bjurholm,149.6,56,2460,2.276422764,26.6,14.1,8.1,6.5,1.9,36.1,3.6,2.4,0.6
2010,Vindeln,164.1,161,5507,2.923551843,20.3,13,5.8,6.7,3.1,41.1,5.8,3.2,1
2010,Robertsfors,166.5,188,6831,2.752159274,13.5,20.7,3.8,5.9,4.3,40.8,7.4,2.4,1.1
2010,Norsjö,165.4,183,4304,4.251858736,11.3,9.9,5.5,5.9,2.7,48.4,12.5,2.3,1.4
2010,Malå,177.3,63,3274,1.92425168,14.5,3.5,6.7,4.2,2.6,52.5,12.7,2.7,0.7
2010,Storuman,166.8,174,6120,2.843137255,18.2,9.7,5.5,7.6,3.5,42.2,8.9,3.3,1.2
2010,Sorsele,155.9,62,2736,2.266081871,15.3,11.4,3.5,7.5,3.3,42.4,11.9,4,0.8
2010,Dorotea,165.1,109,2878,3.787352328,11.4,9.3,7.5,2.6,0.8,54.6,9.5,2.9,1.4
2010,Vännäs,172.8,167,8414,1.984787259,18.3,11.3,5.3,5.4,5,40.8,10.4,2.6,0.9
2010,Vilhelmina,151.7,220,7135,3.083391731,11.6,6.7,4.7,6.1,2.8,51.8,8.4,4.3,3.6
2010,Åsele,156.5,111,3039,3.652517275,13.6,9.6,5.8,5.4,1.8,51.2,7.4,3.9,1.1
2010,Umeå,184.4,3263,115473,2.825768794,20.9,6.8,6.6,4.8,10.5,35.3,11.1,2.3,1.8
2010,Lycksele,175.3,357,12376,2.884615385,16.8,4.4,5.1,8.1,3.3,49.3,8.6,3.6,0.6
2010,Skellefteå,181.5,2350,71641,3.280244553,14.3,6,5.7,5.3,5.8,49.6,9.5,2.9,0.9
2010,Arvidsjaur,178.7,201,6529,3.078572523,13.4,7.2,4.1,2,2.6,54,11.1,4.5,1.1
2010,Arjeplog,172.5,86,3161,2.72065802,14.5,5.8,5.9,4.9,4.6,46.7,11.7,4.9,1.1
2010,Jokkmokk,174.4,162,5170,3.133462282,13.6,3.8,5,1.9,7.7,52.6,10.4,3.7,1.2
2010,Överkalix,167.2,142,3611,3.93242869,8.1,9.1,3,1.4,2.4,61,10.8,3.7,0.6
2010,Kalix,177.5,607,16740,3.6260454,14.1,4.9,3.7,2.2,5.3,59.3,6.4,3.5,0.5
2010,Övertorneå,154.1,212,4812,4.405652535,13.5,11.4,2.8,3.4,2.6,52.2,10.5,3.4,0.4
2010,Pajala,165.6,244,6282,3.88411334,12.6,3.2,2.1,5.5,2.1,51.3,18.8,3.9,0.4
2010,Gällivare,206.8,519,18425,2.816824966,14.2,1.7,2.3,2.4,3.8,55.9,13.6,5,1.2
2010,Älvsbyn,168.7,297,8335,3.563287343,10.8,6.2,4,3.5,2.7,54.7,11.7,5.2,1.3
2010,Luleå,190.4,2399,74178,3.23411254,20.1,5,5.7,3.5,7.2,45.9,7.7,3.5,1.5
2010,Piteå,187.3,1292,40892,3.159542209,13.9,4.9,4.2,4,5.3,56.4,8,2.4,0.9
2010,Boden,182.1,737,27471,2.682829165,20.9,3.6,4.7,3.2,4.2,49.8,7.9,4.6,1
2010,Haparanda,152.9,509,10059,5.060145144,17.2,7.3,1.5,2.6,2.3,60.4,4.3,3.8,0.5
2010,Kiruna,206.1,562,22944,2.44944212,13.2,2.6,3.2,3.2,5.2,51.7,14,5.7,1.1